{
  "timestamp": "2026-05-11T19:49:34.190000",
  "config": {
    "population_size": 30,
    "max_generations": 1000,
    "xo_prob": 0.8,
    "mut_prob": 0.05,
    "elitesize": 1,
    "tournament_size": 3,
    "crossover_type": "uniform",
    "mutation_type": "random",
    "maximization": false,
    "save_image_every_n_gens": 100
  },
  "runtime_seconds": 108.29,
  "final_fitness": 36.855755,
  "fitness_history": [
    74.979004,
    73.168678,
    70.652908,
    70.173523,
    68.870224,
    68.549858,
    66.558022,
    66.317352,
    65.360939,
    63.928059,
    63.839211,
    63.148376,
    62.256283,
    62.256283,
    62.256283,
    61.957844,
    61.775318,
    61.467876,
    61.282764,
    59.944061,
    59.813927,
    59.588013,
    58.657829,
    58.657829,
    58.657829,
    58.0168,
    58.0168,
    58.0168,
    57.780182,
    57.483974,
    57.421692,
    57.322254,
    57.281563,
    57.175385,
    57.047672,
    56.892445,
    56.508469,
    56.471741,
    56.25906,
    56.25906,
    55.937077,
    55.937077,
    55.937077,
    55.912109,
    55.788967,
    55.773415,
    55.515995,
    55.403271,
    55.198811,
    55.198811,
    55.16642,
    54.957268,
    54.957268,
    54.909985,
    54.74955,
    54.70723,
    54.663036,
    54.609768,
    54.509014,
    54.509014,
    54.479858,
    54.479858,
    54.479858,
    54.233406,
    54.233406,
    54.077961,
    54.077961,
    54.059536,
    54.004066,
    53.801167,
    53.801167,
    53.801167,
    53.801167,
    53.717583,
    53.661392,
    53.618011,
    53.618011,
    53.618011,
    53.618011,
    53.578751,
    53.511497,
    53.50164,
    53.312149,
    53.159218,
    52.89954,
    52.89954,
    52.89954,
    52.844006,
    52.844006,
    52.840763,
    52.68042,
    52.68042,
    52.605499,
    52.605499,
    52.536266,
    52.473476,
    52.413151,
    52.289146,
    52.138203,
    52.038906,
    51.987442,
    51.987442,
    51.957283,
    51.909634,
    51.909634,
    51.909634,
    51.909634,
    51.824909,
    51.819614,
    51.7649,
    51.70134,
    51.663269,
    51.663269,
    51.501316,
    51.501316,
    51.485458,
    51.485458,
    51.485458,
    51.485458,
    51.467167,
    51.455318,
    51.455139,
    51.427082,
    51.389515,
    51.389515,
    51.389515,
    51.389515,
    51.323811,
    51.323811,
    51.259075,
    51.259075,
    51.179264,
    51.179264,
    51.179264,
    51.178879,
    51.178879,
    51.178879,
    51.178879,
    51.134621,
    51.095001,
    51.095001,
    51.051247,
    51.043514,
    50.996071,
    50.996071,
    50.905342,
    50.905342,
    50.865406,
    50.865406,
    50.811188,
    50.76162,
    50.76162,
    50.749031,
    50.747589,
    50.664333,
    50.664333,
    50.661255,
    50.661255,
    50.661255,
    50.661255,
    50.661255,
    50.661255,
    50.656616,
    50.62616,
    50.56406,
    50.56406,
    50.56406,
    50.560814,
    50.226456,
    50.226456,
    50.226456,
    50.226456,
    50.213535,
    50.213535,
    50.213535,
    50.213535,
    50.13905,
    50.12381,
    50.12381,
    49.998428,
    49.871849,
    49.86599,
    49.759926,
    49.759926,
    49.759926,
    49.759926,
    49.759926,
    49.759926,
    49.75811,
    49.75811,
    49.691715,
    49.603951,
    49.603951,
    49.603951,
    49.335754,
    49.335754,
    49.335754,
    49.335754,
    49.335007,
    49.320034,
    49.312126,
    49.309208,
    49.119808,
    49.119808,
    49.119808,
    48.82579,
    48.69696,
    48.67947,
    48.578209,
    48.578209,
    48.556328,
    48.345673,
    48.345673,
    48.345673,
    48.345673,
    48.345673,
    48.297379,
    48.297379,
    48.224361,
    48.191666,
    48.171688,
    48.099964,
    48.099964,
    48.099964,
    48.099964,
    48.099964,
    48.099964,
    48.099964,
    48.095188,
    47.979656,
    47.979656,
    47.979656,
    47.918407,
    47.918407,
    47.914398,
    47.910923,
    47.863304,
    47.863304,
    47.863304,
    47.846882,
    47.846882,
    47.715019,
    47.674824,
    47.664642,
    47.664642,
    47.637424,
    47.553841,
    47.553841,
    47.553841,
    47.545677,
    47.545677,
    47.545677,
    47.374313,
    47.373478,
    47.373478,
    47.373478,
    47.373478,
    47.373478,
    47.373478,
    47.373478,
    47.373478,
    47.373478,
    47.373478,
    47.329529,
    47.329529,
    47.313137,
    47.313137,
    47.26704,
    47.26704,
    47.26704,
    47.259819,
    47.229939,
    46.814198,
    46.693771,
    46.693771,
    46.693771,
    46.608028,
    46.608028,
    46.485138,
    46.485138,
    46.485138,
    46.485138,
    46.485138,
    46.454498,
    46.454498,
    46.454498,
    46.418282,
    46.418282,
    46.392929,
    46.348656,
    46.323444,
    46.323444,
    46.323444,
    46.122665,
    46.122665,
    46.106323,
    45.89653,
    45.89653,
    45.838394,
    45.832047,
    45.832047,
    45.690582,
    45.68845,
    45.68845,
    45.621433,
    45.540287,
    45.540287,
    45.465618,
    45.405098,
    45.041245,
    45.041245,
    45.041245,
    45.041245,
    45.041245,
    45.041245,
    45.041245,
    45.041245,
    44.970402,
    44.970402,
    44.959961,
    44.959961,
    44.899605,
    44.834671,
    44.834671,
    44.834671,
    44.834671,
    44.794098,
    44.794098,
    44.792099,
    44.792099,
    44.792099,
    44.733379,
    44.733379,
    44.733379,
    44.687275,
    44.650482,
    44.650482,
    44.650482,
    44.650482,
    44.638073,
    44.623791,
    44.620403,
    44.620403,
    44.527378,
    44.527378,
    44.527378,
    44.501011,
    44.501011,
    44.482933,
    44.465256,
    44.465256,
    44.465256,
    44.39748,
    44.39748,
    44.39748,
    44.39748,
    44.39748,
    44.39748,
    44.39748,
    44.3895,
    44.304649,
    44.304649,
    44.221325,
    44.221325,
    44.221325,
    44.221325,
    44.221325,
    44.181343,
    44.181343,
    44.181343,
    44.181343,
    44.181343,
    44.181343,
    44.173203,
    44.1726,
    44.1726,
    44.129761,
    44.087585,
    44.087585,
    44.050446,
    44.050446,
    44.035843,
    44.008362,
    43.999416,
    43.970306,
    43.970306,
    43.970306,
    43.932079,
    43.932079,
    43.757317,
    43.757317,
    43.671089,
    43.652592,
    43.485584,
    43.485584,
    43.485584,
    43.485584,
    43.485584,
    43.485584,
    43.342422,
    43.342422,
    43.342422,
    43.342422,
    43.30201,
    43.26897,
    43.26897,
    43.235985,
    43.235985,
    43.235985,
    43.235985,
    43.235985,
    43.235985,
    43.235985,
    43.235985,
    43.235985,
    43.217285,
    43.217285,
    43.108028,
    43.107777,
    43.052917,
    43.00518,
    43.00518,
    43.00518,
    43.00518,
    43.00518,
    43.00518,
    43.00518,
    42.963608,
    42.963608,
    42.893845,
    42.893845,
    42.892876,
    42.847729,
    42.756897,
    42.725674,
    42.593166,
    42.578049,
    42.533848,
    42.533848,
    42.527699,
    42.474655,
    42.474655,
    42.447693,
    42.447693,
    42.445698,
    42.410912,
    42.401535,
    42.401535,
    42.401535,
    42.401535,
    42.401535,
    42.29464,
    42.280094,
    42.213078,
    42.185455,
    42.185455,
    42.185455,
    42.152164,
    42.147404,
    42.099174,
    42.099174,
    42.099174,
    42.099174,
    42.082836,
    42.034634,
    41.9995,
    41.982132,
    41.982132,
    41.865044,
    41.865044,
    41.865044,
    41.864075,
    41.784657,
    41.784657,
    41.784657,
    41.750362,
    41.750362,
    41.750362,
    41.735752,
    41.735752,
    41.604923,
    41.511795,
    41.511795,
    41.409874,
    41.409874,
    41.409874,
    41.409874,
    41.409874,
    41.398144,
    41.398144,
    41.398144,
    41.398144,
    41.398144,
    41.264416,
    41.264416,
    41.264416,
    41.264416,
    41.253185,
    41.253185,
    41.253185,
    41.253185,
    41.224243,
    41.224243,
    41.224243,
    41.224243,
    41.224243,
    41.224243,
    41.200676,
    41.200676,
    41.150612,
