{
  "timestamp": "2026-05-11T19:41:18.518736",
  "config": {
    "population_size": 30,
    "max_generations": 1000,
    "xo_prob": 0.8,
    "mut_prob": 0.05,
    "elitesize": 2,
    "tournament_size": 3,
    "crossover_type": "uniform",
    "mutation_type": "random",
    "maximization": false,
    "save_image_every_n_gens": 100
  },
  "runtime_seconds": 113.01,
  "final_fitness": 40.242477,
  "fitness_history": [
    72.460808,
    68.545059,
    68.454338,
    67.792145,
    66.579681,
    66.579681,
    66.579681,
    65.975739,
    65.412941,
    65.361504,
    63.990932,
    63.984703,
    63.853931,
    63.639355,
    63.488838,
    63.420895,
    63.383453,
    63.252075,
    63.175179,
    63.163773,
    63.127937,
    62.966461,
    62.355095,
    62.355095,
    62.170086,
    61.020679,
    61.020679,
    60.712437,
    60.272888,
    60.27282,
    60.150253,
    60.13726,
    60.028046,
    59.923916,
    59.677082,
    59.566051,
    59.449211,
    59.442348,
    59.137127,
    59.137127,
    59.045547,
    59.037304,
    58.751099,
    58.706409,
    58.626774,
    58.626774,
    58.470066,
    58.306953,
    58.306953,
    58.075027,
    58.000675,
    58.000675,
    57.89431,
    57.89431,
    57.866787,
    57.778297,
    57.778297,
    57.778297,
    57.778297,
    57.764244,
    57.589848,
    57.532318,
    57.532318,
    57.532318,
    57.470325,
    57.217346,
    57.217346,
    57.215748,
    57.164913,
    57.164913,
    57.088127,
    57.088127,
    56.706711,
    56.706711,
    56.699612,
    56.583363,
    56.432804,
    56.325096,
    56.269352,
    56.269352,
    56.033054,
    56.033054,
    55.975746,
    55.585938,
    55.585938,
    55.436737,
    55.008274,
    55.008274,
    54.824116,
    54.824116,
    54.624645,
    54.624645,
    54.624645,
    54.624645,
    54.624645,
    54.624645,
    54.563992,
    54.563992,
    54.563992,
    54.563992,
    54.563992,
    54.538273,
    54.389793,
    54.389793,
    54.389793,
    54.260807,
    54.212231,
    54.212231,
    54.212231,
    54.212231,
    54.174957,
    53.904133,
    53.8825,
    53.803505,
    53.701714,
    53.701714,
    53.678783,
    53.554138,
    53.521618,
    53.508415,
    53.473255,
    53.473255,
    53.380383,
    53.28125,
    53.28125,
    53.28125,
    53.103161,
    53.013756,
    53.013756,
    53.013756,
    53.013756,
    53.013756,
    53.013756,
    53.013756,
    53.013756,
    53.013756,
    52.9972,
    52.9972,
    52.955139,
    52.934475,
    52.934475,
    52.934475,
    52.934475,
    52.926697,
    52.926697,
    52.840343,
    52.63377,
    52.623436,
    52.60046,
    52.577484,
    52.577484,
    52.577484,
    52.528969,
    52.528969,
    52.527115,
    52.527115,
    52.428669,
    52.411171,
    52.405827,
    52.396652,
    52.396652,
    52.396652,
    52.137737,
    51.984287,
    51.973198,
    51.869652,
    51.869652,
    51.869255,
    51.775402,
    51.775402,
    51.775402,
    51.775402,
    51.775402,
    51.775402,
    51.743851,
    51.743851,
    51.710838,
    51.710838,
    51.651085,
    51.651085,
    51.651085,
    51.629883,
    51.629883,
    51.629883,
    51.599342,
    51.585697,
    51.545025,
    51.503395,
    51.264446,
    51.246086,
    51.227478,
    51.227478,
    51.227478,
    51.227478,
    51.227478,
    51.227478,
    51.218258,
    51.179592,
    51.178593,
    51.177013,
    51.177013,
    51.14806,
    51.146481,
    51.132725,
    51.06908,
    51.06908,
    50.985504,
    50.965752,
    50.953426,
    50.933292,
    50.852802,
    50.841297,
    50.734257,
    50.734257,
    50.734257,
    50.734257,
    50.512859,
    50.512859,
    50.512859,
    50.512859,
    50.45443,
    50.439075,
    50.326248,
    50.315414,
    50.274475,
    50.064754,
    49.996418,
    49.924557,
    49.924557,
    49.924557,
    49.924557,
    49.87574,
    49.87574,
    49.867592,
    49.818523,
    49.815395,
    49.815395,
    49.719975,
    49.719975,
    49.719975,
    49.666809,
    49.666809,
    49.666809,
    49.58551,
    49.58551,
    49.584309,
    49.57893,
    49.535141,
    49.535141,
    49.535141,
    49.491817,
    49.491817,
    49.491817,
    49.439827,
    49.389462,
    49.272678,
    49.236122,
    49.222141,
    49.222141,
    49.222141,
    49.17667,
    49.17667,
    49.17667,
    49.17667,
    49.17667,
    49.120998,
    49.120998,
    49.120998,
    49.118874,
    49.069527,
    49.069527,
    49.069527,
    49.031685,
    49.031685,
    49.005936,
    48.997776,
    48.954075,
    48.922569,
    48.922569,
    48.844227,
    48.844227,
    48.844227,
    48.777813,
    48.774998,
    48.722797,
    48.686371,
    48.686371,
    48.625645,
    48.625645,
    48.558083,
    48.543522,
    48.543522,
    48.543522,
    48.543522,
    48.543522,
    48.453247,
    48.453247,
    48.453247,
    48.453247,
    48.449387,
    48.339806,
    48.339806,
    48.339806,
    48.339806,
    48.339806,
    48.338741,
    48.338741,
    48.330257,
    48.325394,
    48.292828,
    48.292828,
    48.248035,
    48.210842,
    48.124359,
    48.114235,
    48.098682,
    48.098682,
    48.098682,
    48.077541,
    48.077541,
    48.017071,
    48.016777,
    47.918365,
    47.895,
    47.865456,
    47.865456,
    47.865456,
    47.865456,
    47.854729,
    47.845993,
    47.791893,
    47.791893,
    47.748646,
    47.748646,
    47.728168,
    47.728168,
    47.699501,
    47.699501,
    47.548504,
    47.546124,
    47.546043,
    47.546043,
    47.546043,
    47.546043,
    47.452942,
    47.452942,
    47.452942,
    47.417088,
    47.417088,
    47.417088,
    47.417088,
    47.414001,
    47.414001,
    47.400158,
    47.390327,
    47.390327,
    47.383911,
    47.383911,
    47.303856,
    47.303856,
    47.303856,
    47.303856,
    47.303856,
    47.270512,
    47.127964,
    47.123985,
    47.123985,
    47.103817,
    47.103817,
    47.103817,
    47.103817,
    47.063431,
    47.060818,
    47.02697,
    47.02697,
    47.02697,
    46.784901,
    46.784901,
    46.593834,
    46.593834,
    46.571072,
    46.571072,
    46.571072,
    46.569206,
    46.487907,
    46.487907,
    46.487907,
    46.486645,
    46.486645,
    46.486645,
    46.486645,
    46.486645,
    46.486645,
    46.486645,
    46.480045,
    46.480045,
    46.480045,
    46.480045,
    46.480045,
    46.480045,
    46.43079,
    46.43079,
    46.416534,
    46.40955,
    46.361908,
    46.355793,
    46.355793,
    46.310406,
    46.310406,
    46.310406,
    46.310406,
    46.240211,
    46.240211,
    46.240211,
    46.223507,
    46.223507,
    46.223507,
    46.223507,
    46.198895,
    46.198895,
    46.101768,
    46.101768,
    46.101768,
    46.101768,
    46.101768,
    46.101768,
    46.095234,
    46.095234,
    46.095234,
    46.095234,
    46.095234,
    46.093178,
    46.093178,
    46.093178,
    46.083935,
    46.063858,
    46.05727,
    46.038441,
    46.038441,
    46.030029,
    46.030029,
    46.00531,
    46.00531,
    46.00531,
    46.00531,
    46.00531,
    45.962715,
    45.78347,
    45.78347,
    45.78347,
    45.763699,
    45.761856,
    45.758812,
    45.703373,
    45.703373,
    45.703373,
    45.682217,
    45.682217,
    45.682217,
    45.682217,
    45.637585,
    45.623661,
    45.600208,
    45.600208,
    45.581615,
    45.581615,
    45.581059,
    45.581059,
    45.527439,
    45.527439,
    45.512638,
    45.512638,
    45.512638,
    45.506641,
    45.493,
    45.493,
    45.493,
    45.493,
    45.493,
    45.483727,
    45.459724,
    45.45969,
    45.370522,
    45.370522,
    45.370522,
    45.370522,
    45.319115,
    45.319115,
    45.319115,
    45.319115,
    45.239803,
    45.239803,
    45.239803,
    45.232933,
    45.193245,
    45.166874,
    45.166874,
    45.149151,
    45.004658,
    45.004658,
    45.004658,
    45.004658,
    44.953251,
    44.820633,
    44.820633,
    44.820633,
    44.820633,
    44.820633,
    44.820633,
