{
  "timestamp": "2026-05-11T20:23:54.524248",
  "config": {
    "population_size": 30,
    "max_generations": 1000,
    "xo_prob": 0.9,
    "mut_prob": 0.05,
    "elitesize": 2,
    "tournament_size": 3,
    "crossover_type": "uniform",
    "mutation_type": "random",
    "maximization": false,
    "save_image_every_n_gens": 100
  },
  "runtime_seconds": 103.83,
  "final_fitness": 35.806671,
  "fitness_history": [
    71.571762,
    71.571762,
    69.388947,
    68.287712,
    67.427353,
    67.034286,
    66.323242,
    66.096794,
    64.877747,
    64.848213,
    64.744209,
    64.424553,
    64.424553,
    63.888256,
    63.888256,
    62.53434,
    62.348637,
    61.852249,
    60.873482,
    60.873482,
    60.873482,
    60.57106,
    60.57106,
    60.561558,
    60.48494,
    60.340908,
    59.915432,
    59.869732,
    59.869732,
    59.869732,
    59.869732,
    59.760101,
    59.760101,
    58.564606,
    58.556541,
    58.418102,
    58.282429,
    58.282429,
    58.239483,
    58.01973,
    57.532127,
    57.228069,
    57.228069,
    57.090332,
    57.090332,
    57.037361,
    56.706223,
    56.486698,
    56.278061,
    56.278061,
    56.128685,
    55.845932,
    55.443951,
    55.335789,
    55.335789,
    55.140347,
    55.140347,
    54.975811,
    54.912319,
    54.781357,
    54.781357,
    54.781357,
    54.781357,
    54.781357,
    54.767612,
    54.524399,
    54.514095,
    54.40453,
    54.212273,
    54.212273,
    54.212273,
    54.054291,
    54.054291,
    53.982487,
    53.982487,
    53.846638,
    53.729176,
    53.729176,
    53.720715,
    53.48933,
    53.313274,
    53.313274,
    53.313274,
    53.097317,
    52.812984,
    52.767117,
    52.658257,
    52.232723,
    52.232723,
    51.816498,
    51.816498,
    51.816498,
    51.749058,
    51.589745,
    51.586674,
    51.586674,
    51.586674,
    51.396156,
    51.396156,
    51.314804,
    51.314804,
    51.314804,
    51.196812,
    51.133575,
    51.128769,
    51.078457,
    50.854099,
    50.764809,
    50.764809,
    50.764809,
    50.764809,
    50.764809,
    50.764809,
    50.563114,
    50.563114,
    50.563114,
    50.497417,
    50.497417,
    50.453693,
    50.373852,
    50.27882,
    50.27882,
    50.197437,
    50.020557,
    50.020557,
    49.927898,
    49.724064,
    49.665298,
    49.665298,
    49.665298,
    49.546104,
    49.546104,
    49.315613,
    49.315613,
    49.315613,
    49.315613,
    49.315613,
    49.163414,
    49.163414,
    49.088921,
    49.044346,
    49.044346,
    48.932564,
    48.858398,
    48.751869,
    48.751869,
    48.751869,
    48.62162,
    48.587917,
    48.550125,
    48.550125,
    48.454391,
    48.447075,
    48.447075,
    48.349743,
    48.309376,
    48.220726,
    48.216274,
    48.216274,
    48.20908,
    48.147144,
    48.094769,
    48.094769,
    48.088421,
    48.088421,
    48.088421,
    48.088421,
    48.013832,
    48.013832,
    47.976971,
    47.976971,
    47.926342,
    47.926342,
    47.915691,
    47.915691,
    47.889839,
    47.849262,
    47.826279,
    47.774693,
    47.773903,
    47.741852,
    47.726799,
    47.32164,
    47.298801,
    47.293884,
    47.293884,
    47.293884,
    47.181274,
    47.181274,
    47.181274,
    47.181274,
    47.181274,
    47.149803,
    47.149803,
    47.149803,
    47.119381,
    47.119381,
    47.073162,
    47.073162,
    47.073162,
    47.073162,
    47.057495,
    47.057495,
    47.038548,
    47.024811,
    46.705921,
    46.69659,
    46.687572,
    46.667587,
    46.667587,
    46.647366,
    46.644844,
    46.524338,
    46.524338,
    46.524338,
    46.524338,
    46.524338,
    46.504482,
    46.387127,
    46.341637,
    46.341637,
    46.314568,
    46.263699,
    46.001122,
    46.001122,
    45.980721,
    45.950787,
    45.950787,
    45.859257,
    45.859257,
    45.813847,
    45.813847,
    45.813847,
    45.813847,
    45.704025,
    45.704025,
    45.70192,
    45.70192,
    45.677341,
    45.351776,
    45.351776,
    45.351776,
    45.351776,
    45.12368,
    45.12368,
    45.014259,
    45.013466,
    44.970787,
    44.90493,
    44.90493,
    44.90493,
    44.90493,
    44.839283,
    44.737179,
    44.737179,
    44.737179,
    44.737179,
    44.630718,
    44.630718,
    44.520256,
    44.520256,
    44.520256,
    44.518143,
    44.518143,
    44.510876,
    44.501835,
    44.453224,
    44.453224,
    44.45137,
    44.333729,
    44.291573,
    44.23708,
    44.23708,
    44.23708,
    44.23708,
    44.163151,
    44.163151,
    44.163151,
    44.158371,
    44.158371,
    44.147552,
    44.147552,
    44.08482,
    44.08482,
    44.074764,
    44.067501,
    43.997227,
    43.997227,
    43.997227,
    43.997227,
    43.997227,
    43.910812,
    43.910812,
    43.753746,
    43.753746,
    43.753746,
    43.729069,
    43.729069,
    43.708832,
    43.704521,
    43.704521,
    43.704521,
    43.704521,
    43.648335,
    43.624943,
    43.512466,
    43.512466,
    43.499561,
    43.398064,
    43.398064,
    43.398064,
    43.398064,
    43.398064,
    43.386993,
    43.359421,
    43.160358,
    43.160358,
    43.160358,
    43.030773,
    43.030773,
    43.030773,
    43.030773,
    43.030773,
    42.928329,
    42.928329,
    42.883701,
    42.883701,
    42.883701,
    42.883701,
    42.883701,
    42.883701,
    42.872707,
    42.872707,
    42.859989,
    42.859989,
    42.859238,
    42.833622,
    42.81078,
    42.81078,
    42.81078,
    42.750462,
    42.750462,
    42.698547,
    42.698547,
    42.698547,
    42.655766,
    42.64798,
    42.646626,
    42.612247,
    42.612247,
    42.612247,
    42.612247,
    42.612247,
    42.560181,
    42.533524,
    42.533524,
    42.53133,
    42.53133,
    42.53133,
    42.53072,
    42.507938,
    42.507938,
    42.418297,
    42.33017,
    42.33017,
    42.33017,
    42.33017,
    42.33017,
    42.33017,
    42.33017,
    42.33017,
    42.33017,
    42.33017,
    42.103958,
    42.103958,
    42.103958,
    42.099957,
    42.075169,
    41.950878,
    41.950878,
    41.923698,
    41.923698,
    41.923698,
    41.923698,
    41.923698,
    41.914341,
    41.914341,
    41.8908,
    41.8908,
    41.8908,
    41.87801,
    41.832176,
    41.832176,
    41.72747,
    41.72747,
    41.72747,
    41.72747,
    41.72747,
    41.72747,
    41.72747,
    41.693214,
    41.693214,
    41.693214,
    41.693214,
    41.693214,
    41.693214,
    41.684402,
    41.664822,
    41.664822,
    41.632877,
    41.632877,
    41.632877,
    41.632877,
    41.624596,
    41.620544,
    41.614861,
    41.608833,
    41.568298,
    41.568298,
    41.568298,
    41.382301,
    41.382301,
    41.382301,
    41.382301,
    41.359158,
    41.322124,
    41.322124,
    41.322124,
    41.322124,
    41.315636,
    41.315636,
    41.315636,
    41.315636,
    41.315636,
    41.315636,
    41.315636,
    41.315636,
    41.303432,
    41.29987,
    41.230965,
    41.210564,
    41.210564,
    41.177105,
    41.177105,
    41.14967,
    41.147686,
    41.147686,
    41.147686,
    41.1423,
    41.14011,
    41.14011,
    41.14011,
    41.14011,
    41.119274,
    41.119274,
    41.104748,
    41.104748,
    41.102619,
    41.102619,
    41.102619,
    41.099243,
    41.099243,
    41.099243,
    41.099243,
    41.088688,
    41.088688,
    41.088688,
    41.088688,
    41.073559,
    41.073559,
    41.073559,
    41.070316,
    41.070316,
    41.070316,
    41.070316,
    41.026199,
    41.026199,
    41.026199,
    41.026199,
    41.026199,
    41.017902,
    41.017902,
    41.017902,
    41.017902,
    41.015369,
    41.008179,
    41.008179,
    40.982159,
    40.982159,
    40.950855,
    40.950855,
    40.946453,
    40.946453,
    40.935909,
    40.935909,
    40.935909,
    40.935909,
    40.923351,
    40.909618,
    40.888718,
    40.888718,
    40.888718,
    40.888718,
    40.848831,
    40.840569,
    40.837807,
    40.805935,
    40.805935,
    40.805935,
    40.729588,
