{
  "timestamp": "2026-05-08T19:36:25.198384",
  "config": {
    "population_size": 30,
    "max_generations": 1000,
    "xo_prob": 0.8,
    "mut_prob": 0.05,
    "elitesize": 2,
    "tournament_size": 3,
    "crossover_type": "uniform",
    "mutation_type": "random",
    "maximization": false,
    "save_image_every_n_gens": 100
  },
  "runtime_seconds": 111.75,
  "final_fitness": 38.564777,
  "fitness_history": [
    76.354393,
    76.293823,
    73.166931,
    71.032349,
    71.032349,
    70.359253,
    69.809929,
    69.349594,
    68.721039,
    68.645805,
    67.272972,
    67.085091,
    67.051117,
    66.971558,
    66.339569,
    66.336693,
    66.242973,
    65.943718,
    65.847763,
    65.646996,
    65.366898,
    65.234901,
    65.185547,
    64.645241,
    64.645241,
    64.43779,
    64.383812,
    64.285347,
    63.960144,
    62.946999,
    62.946999,
    62.946999,
    62.801311,
    62.784698,
    62.67989,
    62.67989,
    62.606781,
    62.36821,
    62.339596,
    62.339596,
    61.881752,
    61.759995,
    61.408192,
    60.532547,
    60.532547,
    60.369404,
    60.287075,
    60.198349,
    60.198349,
    60.136185,
    59.843628,
    59.843307,
    59.775715,
    59.775715,
    59.716095,
    58.929962,
    58.888016,
    58.888016,
    58.871124,
    58.798248,
    58.620514,
    58.398685,
    58.273411,
    57.973232,
    57.869385,
    57.869385,
    57.869385,
    57.869385,
    57.842621,
    57.818268,
    57.818268,
    57.473877,
    57.46217,
    57.46217,
    57.136951,
    56.949696,
    56.949696,
    56.949696,
    56.928947,
    56.923454,
    56.896267,
    56.803764,
    56.561577,
    56.482128,
    56.376896,
    56.279991,
    56.089897,
    55.945618,
    55.945618,
    55.87936,
    55.620216,
    55.620216,
    55.552711,
    55.397877,
    55.34837,
    55.34837,
    55.225536,
    55.225536,
    55.17477,
    55.17477,
    55.156391,
    55.122272,
    55.045601,
    54.960743,
    54.920166,
    54.819649,
    54.692791,
    54.630207,
    54.630207,
    54.333279,
    54.333279,
    54.332531,
    54.31992,
    54.31992,
    54.278736,
    54.268085,
    54.136486,
    54.136486,
    54.018932,
    53.999458,
    53.995552,
    53.976398,
    53.948887,
    53.947842,
    53.870956,
    53.870956,
    53.720913,
    53.569046,
    53.304035,
    53.230381,
    53.121502,
    53.121502,
    52.959297,
    52.947079,
    52.89703,
    52.875278,
    52.677353,
    52.677353,
    52.63488,
    52.619259,
    52.619259,
    52.595432,
    52.553265,
    52.508556,
    52.489151,
    52.440845,
    52.403152,
    52.403152,
    52.373409,
    52.373409,
    52.257835,
    52.257835,
    51.957062,
    51.957062,
    51.954685,
    51.868164,
    51.868164,
    51.861179,
    51.861179,
    51.861179,
    51.850552,
    51.730022,
    51.730022,
    51.730022,
    51.710381,
    51.710381,
    51.705902,
    51.61412,
    51.348316,
    51.348316,
    51.348316,
    51.198997,
    51.159088,
    51.115566,
    51.115566,
    50.979305,
    50.970959,
    50.958832,
    50.879356,
    50.878975,
    49.903534,
    49.899414,
    49.899414,
    49.899414,
    49.897667,
    49.796242,
    49.796242,
    49.796242,
    49.715115,
    49.715115,
    49.715115,
    49.706024,
    49.662296,
    49.662296,
    49.662296,
    49.648144,
    49.648144,
    49.566013,
    49.566013,
    49.566013,
    49.515129,
    49.242863,
    49.09985,
    49.09985,
    49.09985,
    49.045731,
    48.920074,
    48.877174,
    48.82502,
    48.715431,
    48.550301,
    48.550301,
    48.369041,
    48.36779,
    48.141956,
    48.063416,
    47.890701,
    47.88715,
    47.695202,
    47.69474,
    47.691959,
    47.581223,
    47.567173,
    47.521927,
    47.304142,
    47.304142,
    47.202602,
    46.848381,
    46.797234,
    46.76059,
    46.76059,
    46.759613,
    46.736038,
    46.703308,
    46.703308,
    46.682343,
    46.672623,
    46.672623,
    46.672588,
    46.643272,
    46.633297,
    46.599293,
    46.558117,
    46.558117,
    46.554073,
    46.554073,
    46.387875,
    46.345688,
    46.345688,
    46.345688,
    46.329666,
    46.329666,
    46.302135,
    46.302135,
    46.206257,
    46.206257,
    46.158531,
    46.158531,
    46.158531,
    46.142365,
    46.107258,
    46.106461,
    46.106342,
    46.106342,
    46.106342,
    46.102749,
    46.018661,
    46.005363,
    45.998085,
    45.998085,
    45.897652,
    45.897652,
    45.897652,
    45.897652,
    45.883533,
    45.595047,
    45.568615,
    45.378281,
    45.378281,
    45.378281,
    45.378281,
    45.362011,
    45.301456,
    45.301456,
    45.049763,
    45.049763,
    45.049763,
    44.851891,
    44.851891,
    44.851891,
    44.851891,
    44.835575,
    44.835361,
    44.835361,
    44.834774,
    44.70356,
    44.70356,
    44.70356,
    44.696911,
    44.696911,
    44.670181,
    44.670181,
    44.589828,
    44.570915,
    44.530388,
    44.530388,
    44.484821,
    44.438213,
    44.438213,
    44.43644,
    44.393749,
    44.350971,
    44.350971,
    44.254959,
    44.254959,
    44.254959,
    44.19223,
    44.114429,
    44.111134,
    44.063354,
    44.063354,
    43.988564,
    43.986038,
    43.964329,
    43.964329,
    43.964329,
    43.889404,
    43.889404,
    43.889404,
    43.889404,
    43.889111,
    43.889111,
    43.871784,
    43.731174,
    43.731174,
    43.731174,
    43.731174,
    43.731174,
    43.592388,
    43.592388,
    43.592388,
    43.592388,
    43.583302,
    43.583302,
    43.583302,
    43.576912,
    43.576912,
    43.498402,
    43.442963,
    43.403221,
    43.324371,
    43.324371,
    43.324371,
    43.324371,
    43.294239,
    43.294239,
    43.13007,
    43.13007,
    43.06752,
    42.933777,
    42.900444,
    42.900444,
    42.879658,
    42.802132,
    42.780865,
    42.744301,
    42.68512,
    42.68512,
    42.68512,
    42.68512,
    42.68512,
    42.68512,
    42.655571,
    42.632149,
    42.591785,
    42.591785,
    42.542366,
    42.516926,
    42.516926,
    42.516926,
    42.516926,
    42.516926,
    42.503662,
    42.497498,
    42.497498,
    42.485268,
    42.484238,
    42.470959,
    42.470959,
    42.470959,
    42.450794,
    42.443153,
    42.440948,
    42.421017,
    42.37854,
    42.37854,
    42.366016,
    42.366016,
    42.366016,
    42.311153,
    42.288895,
    42.285378,
    42.276939,
    42.276939,
    42.275517,
    42.26228,
    42.255367,
    42.225098,
    42.225098,
    42.225098,
    42.200294,
    42.200294,
    42.200294,
    42.200294,
    42.195335,
    42.195335,
    42.188236,
    42.188236,
    42.188236,
    42.188236,
    42.170223,
    42.169991,
    42.159786,
    42.1432,
    42.1432,
    42.067219,
    42.037304,
    42.024914,
    42.024914,
    42.024914,
    42.002197,
    42.002197,
    41.997078,
    41.965801,
    41.964588,
    41.949146,
    41.940456,
    41.934402,
    41.929829,
    41.929829,
    41.919743,
    41.919743,
    41.909687,
    41.909687,
    41.909687,
    41.909687,
    41.909286,
    41.908154,
    41.908154,
    41.900002,
    41.900002,
    41.853863,
    41.84169,
    41.84169,
    41.84169,
    41.84169,
    41.802319,
    41.802319,
    41.802319,
    41.800014,
    41.732727,
    41.732727,
    41.692955,
    41.692955,
    41.692955,
    41.573338,
    41.573338,
    41.573338,
    41.573338,
    41.573338,
    41.561333,
    41.561333,
    41.514168,
    41.514168,
    41.514168,
    41.503593,
    41.492172,
    41.467491,
    41.45612,
    41.454247,
    41.44075,
    41.406227,
    41.406227,
    41.375305,
    41.374958,
    41.372696,
    41.372696,
    41.347439,
    41.347439,
    41.330643,
    41.330643,
    41.330643,
    41.318256,
    41.318256,
    41.308357,
    41.243477,
    41.176525,
    41.176525,
    41.176525,
    41.176525,
    41.176525,
    41.132027,
    41.123131,
    41.097507,
    41.097507,
    40.993202,
    40.976589,
    40.963482,
