{
  "timestamp": "2026-05-08T14:32:58.364648",
  "config": {
    "population_size": 30,
    "max_generations": 1000,
    "xo_prob": 0.8,
    "mut_prob": 0.05,
    "elitesize": 2,
    "tournament_size": 3,
    "crossover_type": "single_point",
    "mutation_type": "random",
    "maximization": false,
    "save_image_every_n_gens": 100
  },
  "runtime_seconds": 101.57,
  "final_fitness": 39.312588,
  "fitness_history": [
    76.104652,
    75.698097,
    75.143463,
    74.838326,
    73.785057,
    70.822784,
    70.822784,
    69.480659,
    69.282944,
    68.945679,
    67.351738,
    67.21701,
    66.174637,
    65.547005,
    65.471207,
    65.17923,
    64.988541,
    64.988541,
    64.762856,
    64.741821,
    63.571693,
    63.493656,
    63.350315,
    63.350315,
    63.066879,
    63.066879,
    62.89893,
    62.895149,
    62.491676,
    62.219505,
    61.917847,
    61.301399,
    61.299763,
    61.13324,
    61.036594,
    61.022552,
    60.960876,
    60.92049,
    60.73761,
    60.705276,
    60.502731,
    60.068359,
    60.068359,
    60.067635,
    59.862686,
    59.8559,
    59.831219,
    59.731121,
    59.729862,
    59.451675,
    59.451675,
    59.202137,
    59.175671,
    59.101959,
    58.695816,
    58.649887,
    58.649887,
    58.262207,
    58.262207,
    58.133656,
    58.116428,
    57.889759,
    57.51646,
    57.4417,
    57.437584,
    57.437584,
    57.437584,
    57.437584,
    57.339325,
    56.769287,
    56.769287,
    56.769287,
    56.652729,
    56.652729,
    56.187538,
    56.169662,
    56.14502,
    55.701618,
    55.621094,
    55.621094,
    55.145309,
    55.145309,
    55.123123,
    55.08078,
    55.051342,
    54.696278,
    54.694813,
    54.526852,
    54.498333,
    54.483852,
    54.48111,
    54.425728,
    54.396389,
    54.396389,
    54.388676,
    54.287888,
    54.258049,
    53.968475,
    53.875996,
    53.80265,
    53.80265,
    53.642349,
    53.618538,
    53.612888,
    53.37886,
    53.344223,
    53.344223,
    53.344223,
    53.344223,
    53.330296,
    53.317116,
    53.232288,
    53.208054,
    53.101154,
    53.073021,
    52.994682,
    52.90543,
    52.90543,
    52.90543,
    52.90543,
    52.861889,
    52.813946,
    52.723644,
    52.671871,
    52.671871,
    52.662888,
    52.620167,
    52.075222,
    52.075222,
    52.075222,
    52.037975,
    51.577175,
    51.516041,
    51.452507,
    51.452507,
    51.452507,
    51.394215,
    51.327656,
    51.327656,
    51.327656,
    51.25827,
    51.256668,
    51.256668,
    51.232742,
    51.232742,
    51.232742,
    51.206936,
    51.180008,
    51.165562,
    51.165562,
    51.129463,
    51.120331,
    51.115284,
    51.115284,
    51.115284,
    51.115284,
    51.043621,
    51.043621,
    51.043621,
    51.042294,
    51.014729,
    51.014729,
    50.985947,
    50.980751,
    50.895248,
    50.859711,
    50.859711,
    50.859711,
    50.586361,
    50.586361,
    50.584724,
    50.550884,
    50.431206,
    50.425583,
    50.397644,
    50.397644,
    50.343975,
    50.343975,
    50.343975,
    50.343975,
    50.340393,
    50.340393,
    50.339054,
    50.319214,
    50.31517,
    50.268955,
    50.241428,
    50.199776,
    50.128647,
    50.112076,
    50.112076,
    50.064655,
    50.062901,
    50.062901,
    50.040516,
    50.035713,
    50.035713,
    50.029587,
    50.024818,
    50.024818,
    49.905624,
    49.905624,
    49.888336,
    49.876369,
    49.818047,
    49.786503,
    49.734707,
    49.674801,
    49.426216,
    49.426216,
    49.426216,
    49.426216,
    49.410172,
    49.386753,
    49.34547,
    49.34547,
    49.285378,
    49.259975,
    49.259975,
    49.25386,
    49.229095,
    49.228592,
    49.224361,
    49.210293,
    49.208683,
    49.202919,
    49.122894,
    49.122894,
    48.993805,
    48.966007,
    48.966007,
    48.912895,
    48.912895,
    48.912895,
    48.901138,
    48.848167,
    48.758812,
    48.758812,
    48.758812,
    48.758812,
    48.758812,
    48.753902,
    48.502258,
    48.436363,
    48.408836,
    48.408836,
    48.388153,
    48.388153,
    48.388153,
    48.350395,
    48.350395,
    48.350395,
    48.350395,
    48.350395,
    48.290398,
    48.290398,
    48.290398,
    48.290398,
    48.290398,
    48.290398,
    48.289223,
    48.289223,
    48.263412,
    48.263412,
    48.261276,
    48.260582,
    48.183289,
    48.183289,
    48.183289,
    48.107136,
    48.085621,
    48.085621,
    47.942661,
    47.906269,
    47.887505,
    47.842148,
    47.832848,
    47.817589,
    47.775185,
    47.775185,
    47.775185,
    47.775185,
    47.760376,
    47.7393,
    47.730453,
    47.730453,
    47.72427,
    47.697651,
    47.697651,
    47.697651,
    47.666054,
    47.666054,
    47.666054,
    47.633183,
    47.618862,
    47.476521,
    47.476521,
    47.476521,
    47.476521,
    47.476521,
    47.442936,
    47.442936,
    47.442936,
    47.442936,
    47.442936,
    47.428776,
    47.405312,
    47.390415,
    47.360554,
    47.248047,
    47.248047,
    47.223091,
    47.182007,
    47.157341,
    47.157341,
    47.118023,
    47.118023,
    47.118023,
    46.983074,
    46.983074,
    46.964783,
    46.964783,
    46.934498,
    46.93409,
    46.907261,
    46.904369,
    46.853767,
    46.829933,
    46.82468,
    46.76683,
    46.765488,
    46.762138,
    46.756519,
    46.753445,
    46.753445,
    46.71909,
    46.717495,
    46.712315,
    46.712315,
    46.710224,
    46.640053,
    46.47303,
    46.47303,
    46.470329,
    46.469902,
    46.448803,
    46.416748,
    46.378613,
    46.37767,
    46.345909,
    46.345909,
    46.263783,
    46.263783,
    46.069229,
    46.069229,
    46.069229,
    46.069134,
    46.028309,
    46.028309,
    46.028309,
    45.581051,
    45.380871,
    45.36607,
    45.36607,
    45.356503,
    45.356503,
    45.348301,
    45.343399,
    45.301121,
    45.273998,
    45.273998,
    45.273998,
    45.273998,
    45.273998,
    45.16106,
    45.16106,
    45.16106,
    45.16106,
    45.159679,
    45.158932,
    45.148582,
    45.013458,
    45.010616,
    44.949886,
    44.902996,
    44.902996,
    44.902996,
    44.89719,
    44.894531,
    44.774372,
    44.774372,
    44.653187,
    44.653187,
    44.653187,
    44.653187,
    44.644138,
    44.644138,
    44.617859,
    44.617859,
    44.617859,
    44.617859,
    44.611176,
    44.585037,
    44.547691,
    44.547436,
    44.519863,
    44.51429,
    44.509716,
    44.509716,
    44.462791,
    44.386044,
    44.386044,
    44.386044,
    44.386044,
    44.386044,
    44.386044,
    44.328487,
    44.288746,
    44.288746,
    44.260548,
    44.260548,
    44.250832,
    44.250832,
    44.186996,
    44.186996,
    44.186996,
    44.171303,
    44.163391,
    44.163391,
    44.163391,
    44.163391,
    44.137695,
    44.130947,
    44.103653,
    44.103653,
    44.034187,
    44.032776,
    44.020988,
    44.020988,
    43.824757,
    43.820171,
    43.811848,
    43.75975,
    43.758987,
    43.748074,
    43.748074,
    43.726421,
    43.726421,
    43.726421,
    43.553051,
    43.553051,
    43.553051,
    43.535309,
    43.471626,
    43.421871,
    43.421871,
    43.421871,
    43.421871,
    43.421871,
    43.421871,
    43.421871,
    43.421871,
    43.421871,
    43.344311,
    43.344311,
    43.318493,
    43.318493,
    43.318493,
    43.318493,
    43.300602,
    43.300602,
    43.262596,
    43.262596,
    43.260998,
    43.260998,
    43.258286,
    43.247803,
    43.247803,
    43.235874,
    43.18652,
    43.18652,
    43.179928,
    43.179928,
    43.176399,
    43.164661,
    43.130688,
    43.130688,
    43.050434,
    43.04491,
    43.04192,
    43.04192,
    43.04192,
    43.041538,
    43.016079,
    43.016079,
    43.016079,
    43.016079,
    42.975632,
    42.975632,
    42.964569,
    42.964569,
    42.964569,
    42.92625,
    42.899445,
    42.899445,
    42.879795,
    42.879795,
    42.87936,
