{
  "timestamp": "2026-05-14T14:32:41.588819",
  "algorithm": "simulated_annealing",
  "config": {
    "C": 20.0,
    "L": 150,
    "H": 1.05,
    "max_iter": 200,
    "save_every_n_steps": 1000
  },
  "runtime_seconds": 733.78,
  "final_fitness": 32.530933,
  "fitness_history": [
    71.848442,
    71.187935,
    70.977959,
    70.977959,
    70.977959,
    70.977959,
    70.977959,
    70.977959,
    70.977959,
    70.977959,
    70.977959,
    70.977959,
    70.977959,
    70.977959,
    70.977959,
    70.977959,
    70.977959,
    70.977959,
    70.977959,
    70.977959,
    70.977959,
    70.977959,
    70.977959,
    70.977959,
    70.977959,
    70.977959,
    70.977959,
    70.977959,
    70.977959,
    70.977959,
    70.977959,
    70.977959,
    70.977959,
    70.977959,
    70.977959,
    70.977959,
    70.977959,
    70.977959,
    70.977959,
    70.977959,
    70.977959,
    70.977959,
    70.977959,
    70.977959,
    70.977959,
    70.977959,
    70.977959,
    70.977959,
    70.977959,
    70.977959,
    70.977959,
    70.977959,
    70.977959,
    70.977959,
    70.977959,
    70.977959,
    70.977959,
    70.977959,
    70.977959,
    70.977959,
    70.977959,
    70.977959,
    70.977959,
    70.977959,
    70.977959,
    70.977959,
    70.977959,
    70.977959,
    70.977959,
    70.977959,
    70.751381,
    70.355812,
    70.355812,
    70.355812,
    70.355812,
    70.355812,
    70.355812,
    70.355812,
    70.355812,
    70.355812,
    70.355812,
    70.355812,
    70.193291,
    70.193291,
    70.193291,
    70.193291,
    70.193291,
    70.174942,
    68.636635,
    66.964981,
    66.764313,
    66.753265,
    66.753265,
    66.188675,
    66.0756,
    65.049294,
    64.634407,
    64.634407,
    64.528603,
    63.858551,
    63.847748,
    63.01466,
    62.949631,
    62.7855,
    61.764462,
    60.62788,
    60.62788,
    60.581921,
    58.959023,
    58.003994,
    57.636402,
    57.266907,
    57.145084,
    56.974812,
    56.878288,
    56.712345,
    56.076065,
    55.661758,
    55.514046,
    55.161674,
    54.470562,
    53.448311,
    52.94648,
    52.344788,
    51.622635,
    51.242432,
    50.85463,
    50.668251,
    50.458549,
    50.299988,
    50.252399,
    49.445854,
    49.407162,
    49.046013,
    48.712021,
    48.443855,
    48.324783,
    48.136578,
    47.774429,
    47.498123,
    47.35825,
    46.793449,
    46.485504,
    46.127201,
    45.773788,
    45.270184,
    44.48951,
    44.144325,
    43.944714,
    43.594017,
    43.212967,
    42.940666,
    42.615612,
    42.279404,
    42.155003,
    41.948521,
    41.635735,
    41.408039,
    41.270103,
    40.987091,
    40.694515,
    40.419788,
    40.079704,
    39.812904,
    39.527424,
    39.378323,
    39.121189,
    38.611031,
    38.443359,
    38.275627,
    38.120544,
    37.758148,
    37.617184,
    37.49091,
    36.928028,
    36.626595,
    36.526234,
    36.280167,
    35.966507,
    35.744678,
    35.603928,
    35.465805,
    35.148659,
    35.018528,
    34.818756,
    34.69117,
    34.628323,
    34.387348,
    34.236488,
    34.098087,
    33.919525,
    33.822021,
    33.5168,
    33.466492,
    33.244274,
    33.11721,
    32.940636,
    32.825985,
    32.738022,
    32.530933
  ],
  "n_outer_cycles": 200,
  "best_repr": [
    256,
    353,
    0,
    394,
    75,
    52,
    255,
    12,
    100,
    0,
    35,
    201,
    45,
    58,
    109,
    25,
    117,
    190,
    211,
    255,
    228,
    83,
    148,
    268,
    53,
    380,
    212,
    167,
    136,
    255,
    165,
    262,
    112,
    118,
    11,
    221,
    150,
    144,
    170,
    122,
    40,
    400,
    114,
    199,
    172,
    369,
    71,
    69,
    102,
    219,
    68,
    400,
    196,
    110,
    116,
    276,
    255,
    98,
    208,
    66,
    62,
    352,
    234,
    332,
    276,
    328,
    217,
    40,
    136,
    0,
    154,
    284,
    10,
    107,
    258,
    219,
    241,
    185,
    144,
    185,
    79,
    292,
    269,
    331,
    211,
    92,
    62,
    165,
    50,
    143,
    283,
    83,
    197,
    129,
    149,
    112,
    202,
    154,
    170,
    22,
    222,
    400,
    266,
    161,
    178,
    0,
    167,
    152,
    0,
    66,
    300,
    336,
    183,
    289,
    176,
    145,
    91,
    173,
    245,
    206,
    166,
    196,
    62,
    249,
    13,
    278,
    4,
    52,
    0,
    181,
    184,
    316,
    68,
    219,
    137,
    127,
    12,
    223,
    114,
    213,
    273,
    165,
    250,
    360,
    81,
    259,
    189,
    182,
    62,
    51,
    107,
    323,
    300,
    334,
    298,
    88,
    87,
    0,
    6,
    128,
    300,
    0,
    223,
    201,
    273,
    0,
    165,
    170,
    200,
    13,
    150,
    386,
    67,
    230,
    61,
    71,
    201,
    253,
    163,
    52,
    131,
    0,
    51,
    138,
    220,
    26,
    122,
    255,
    171,
    109,
    259,
    146,
    174,
    143,
    73,
    198,
    237,
    56,
    225,
    0,
    249,
    138,
    131,
    0,
    73,
    371,
    233,
    203,
    101,
    135,
    276,
    0,
    250,
    156,
    300,
    35,
    182,
    180,
    147,
    30,
    3,
    257,
    212,
    181,
    231,
    105,
    135,
    27,
    155,
    8,
    181,
    143,
    199,
    311,
    25,
    218,
    111,
    140,
    120,
    190,
    175,
    0,
    231,
    206,
    15,
    106,
    252,
    93,
    42,
    101,
    285,
    132,
    67,
    43,
    165,
    0,
    142,
    122,
    200,
    106,
    59,
    244,
    4,
    216,
    215,
    281,
    35,
    90,
    121,
    255,
    118,
    115,
    300,
    9,
    277,
    219,
    94,
    207,
    41,
    0,
    28,
    202,
    14,
    151,
    184,
    13,
    43,
    2,
    172,
    127,
    161,
    285,
    90,
    36,
    152,
    39,
    5,
    121,
    182,
    255,
    252,
    276,
    80,
    298,
    221,
    206,
    212,
    17,
    9,
    130,
    108,
    220,
    16,
    193,
    208,
    1,
    223,
    186,
    220,
    49,
    219,
    110,
    82,
    244,
    101,
    230,
    72,
    147,
    0,
    7,
    215,
    225,
    266,
    123,
    40,
    206,
    144,
    0,
    63,
    8,
    196,
    247,
    93,
    255,
    257,
    368,
    0,
    144,
    165,
    18,
    240,
    204,
    20,
    70,
    106,
    190,
    205,
    154,
    60,
    144,
    114,
    162,
    50,
    400,
    159,
    387,
    198,
    171,
    73,
    87,
    145,
    261,
    195,
    210,
    181,
    277,
    83,
    103,
    177,
    51,
    0,
    70,
    162,
    182,
    0,
    187,
    126,
    119,
    60,
    66,
    238,
    400,
    8,
    56,
    52,
    352,
    202,
    188,
    76,
    50,
    89,
    395,
    79,
    380,
    44,
    320,
    169,
    99,
    162,
    63,
    188,
    247,
    62,
    72,
    198,
    68,
    20,
    42,
    92,
    196,
    105,
    304,
    140,
    304,
    135,
    400,
    26,
    248,
    116,
    7,
    47,
    400,
    173,
    400,
    103,
    209,
    250,
    237,
    171,
    119,
    71,
    23,
    299,
    395,
    300,
    95,
    29,
    146,
    125,
    50,
    244,
    94,
    208,
    124,
    241,
    220,
    52,
    97,
    211,
    69,
    300,
    352,
    228,
    103,
    59,
    53,
    189,
    206,
    255,
    62,
    181,
    159,
    242,
    155,
    37,
    147,
    110,
    35,
    228,
    4,
    30,
    285,
    269,
    35,
    18,
    0,
    255,
    97,
    204,
    37,
    263,
    353,
    218,
    356,
    244,
    110,
    130,
    197,
    252,
    132,
    141,
    53,
    20,
    396,
    275,
    164,
    20,
    192,
    0,
    0,
    10,
    300,
    66,
    301,
    230,
    32,
    30,
    65,
    16,
    67,
    146,
    208,
    149,
    106,
    94,
    95,
    21,
    46,
    95,
    102,
    261,
    283,
    300,
    38,
    187,
    133,
    39,
    14,
    0,
    188,
    141,
    249,
    53,
    43,
    56,
    69,
