{
  "timestamp": "2026-05-11T00:06:19.066036",
  "config": {
    "population_size": 30,
    "max_generations": 1000,
    "xo_prob": 0.8,
    "mut_prob": 0.05,
    "elitesize": 2,
    "tournament_size": 3,
    "crossover_type": "uniform",
    "mutation_type": "random",
    "maximization": false,
    "save_image_every_n_gens": 100
  },
  "runtime_seconds": 99.38,
  "final_fitness": 42.724911,
  "fitness_history": [
    69.329018,
    67.699059,
    67.699059,
    67.343575,
    66.810616,
    65.078705,
    65.019814,
    64.876152,
    63.058449,
    63.058449,
    62.860069,
    62.377995,
    62.180737,
    62.180737,
    62.180737,
    62.078884,
    61.767284,
    61.519516,
    61.475071,
    61.171982,
    61.04467,
    60.86438,
    60.86438,
    60.553089,
    60.244915,
    59.702332,
    59.702332,
    59.395153,
    59.387901,
    59.157623,
    59.157623,
    58.939953,
    58.197216,
    58.173786,
    58.157566,
    58.093159,
    58.037632,
    57.40596,
    57.291748,
    57.169758,
    56.736176,
    56.736176,
    56.556416,
    56.401009,
    56.297314,
    56.200207,
    56.1805,
    55.843369,
    55.768658,
    55.617115,
    55.174053,
    55.10368,
    55.073483,
    54.881252,
    54.804588,
    54.704933,
    54.615612,
    54.585636,
    54.585636,
    54.585636,
    54.450188,
    54.412239,
    54.326244,
    54.210941,
    54.19939,
    54.074574,
    53.891777,
    53.796181,
    53.782555,
    53.719429,
    53.593147,
    53.593147,
    53.578098,
    53.575394,
    53.413456,
    53.413456,
    53.317703,
    53.270905,
    53.270588,
    53.235649,
    53.219364,
    53.219364,
    53.134098,
    53.060078,
    53.050068,
    53.040009,
    52.971317,
    52.938091,
    52.84721,
    52.84721,
    52.847069,
    52.833149,
    52.8116,
    52.807125,
    52.776783,
    52.720169,
    52.664509,
    52.64167,
    52.540779,
    52.529774,
    52.212406,
    52.212406,
    51.972733,
    51.793919,
    51.793919,
    51.793919,
    51.789539,
    51.715267,
    51.661724,
    51.620319,
    51.620319,
    51.620319,
    51.339153,
    51.339153,
    51.321857,
    51.243183,
    51.189331,
    51.126266,
    51.126266,
    51.102318,
    51.100418,
    51.100418,
    51.100418,
    51.034016,
    51.034016,
    51.022717,
    51.008076,
    50.958782,
    50.958782,
    50.925247,
    50.90271,
    50.859676,
    50.803795,
    50.803795,
    50.803795,
    50.759083,
    50.759083,
    50.562702,
    50.541336,
    50.541336,
    50.541336,
    50.474258,
    50.474258,
    50.441917,
    50.438816,
    50.366425,
    50.366425,
    50.349667,
    50.309689,
    50.308151,
    50.209782,
    50.209782,
    50.144646,
    50.12114,
    50.109264,
    50.085838,
    50.066395,
    50.047543,
    50.047543,
    50.038853,
    49.951714,
    49.941113,
    49.888058,
    49.877094,
    49.877094,
    49.858109,
    49.841763,
    49.817795,
    49.792645,
    49.752544,
    49.654148,
    49.654148,
    49.620461,
    49.618458,
    49.602016,
    49.565239,
    49.56509,
    49.551727,
    49.469116,
    49.469116,
    49.452454,
    49.452454,
    49.452454,
    49.42868,
    49.425724,
    49.425724,
    49.401882,
    49.400249,
    49.3787,
    49.375835,
    49.318455,
    49.266399,
    49.266399,
    49.266399,
    49.266399,
    49.254753,
    49.254753,
    49.254753,
    49.254753,
    49.254753,
    49.252571,
    49.252571,
    49.224972,
    49.224972,
    49.217411,
    49.217411,
    49.217411,
    49.217411,
    49.217411,
    49.217411,
    49.211479,
    49.211479,
    49.211479,
    49.194977,
    49.183968,
    49.183968,
    49.160702,
    49.160248,
    49.095539,
    49.095539,
    49.053909,
    49.053909,
    49.053909,
    49.053715,
    49.045471,
    49.015949,
    49.015949,
    48.997044,
    48.990551,
    48.990551,
    48.971725,
    48.963322,
    48.949062,
    48.948963,
    48.918602,
    48.873432,
    48.873432,
    48.777969,
    48.753613,
    48.753613,
    48.72438,
    48.710449,
    48.707497,
    48.707497,
    48.706337,
    48.685757,
    48.581337,
    48.517933,
    48.517933,
    48.501358,
    48.501358,
    48.500706,
    48.408993,
    48.408993,
    48.408993,
    48.408993,
    48.408993,
    48.408993,
    48.349438,
    48.349438,
    48.32959,
    48.329281,
    48.328434,
    48.328434,
    48.244041,
    48.244041,
    48.226387,
    48.226387,
    48.216934,
    48.194164,
    48.194164,
    48.17828,
    48.17828,
    48.170914,
    48.13533,
    48.13533,
    48.090084,
    48.090084,
    48.090084,
    48.090084,
    48.090084,
    48.090084,
    48.075191,
    48.010242,
    48.010242,
    48.010242,
    48.010242,
    48.010242,
    48.010242,
    48.010242,
    47.99081,
    47.99081,
    47.99081,
    47.99081,
    47.99081,
    47.99081,
    47.99081,
    47.987274,
    47.987274,
    47.987274,
    47.987274,
    47.986511,
    47.816231,
    47.816231,
    47.759773,
    47.739643,
    47.736111,
    47.736111,
    47.736111,
    47.736111,
    47.736111,
    47.736111,
    47.736111,
    47.730366,
    47.730366,
    47.719204,
    47.719204,
    47.719204,
    47.711182,
    47.707775,
    47.707775,
    47.595467,
    47.595467,
    47.554146,
    47.541626,
    47.541626,
    47.541626,
    47.541626,
    47.541626,
    47.519123,
    47.519123,
    47.511444,
    47.496819,
    47.459362,
    47.459362,
    47.459362,
    47.459362,
    47.459362,
    47.459362,
    47.43074,
    47.401047,
    47.388367,
    47.388367,
    47.379356,
    47.356365,
    47.356365,
    47.356297,
    47.282467,
    47.282467,
    47.281345,
    47.281345,
    47.281345,
    47.281345,
    47.281101,
    47.281101,
    47.281101,
    47.268898,
    47.267384,
    47.267384,
    47.267384,
    47.255802,
    47.255802,
    47.184048,
    47.144169,
    47.144169,
    47.133175,
    47.060719,
    47.060719,
    47.060719,
    47.060719,
    47.060719,
    47.060719,
    47.060719,
    47.060719,
    47.060719,
    47.060719,
    47.060719,
    47.040558,
    47.005508,
    47.005508,
    46.944195,
    46.833759,
    46.833759,
    46.833759,
    46.779339,
    46.779339,
    46.766403,
    46.766403,
    46.766403,
    46.766403,
    46.740349,
    46.740349,
    46.713524,
    46.713524,
    46.713524,
    46.712242,
    46.69651,
    46.69651,
    46.688457,
    46.63673,
    46.63673,
    46.63673,
    46.63673,
    46.63673,
    46.63673,
    46.627319,
    46.616646,
    46.616646,
    46.616646,
    46.602383,
    46.602383,
    46.602383,
    46.600075,
    46.593769,
    46.592266,
    46.564045,
    46.564045,
    46.564045,
    46.531532,
    46.531532,
    46.531532,
    46.525455,
    46.52512,
    46.52512,
    46.476166,
    46.253178,
    46.253178,
    46.245708,
    46.225685,
    46.225685,
    46.196804,
    46.167149,
    46.167149,
    46.167141,
    46.167141,
    46.135597,
    46.13496,
    46.128719,
    46.112144,
    46.111137,
    46.111137,
    46.084007,
    46.084007,
    46.084007,
    46.074833,
    46.070095,
    46.066872,
    46.066872,
    46.066872,
    46.066872,
    46.066872,
    46.032307,
    46.032307,
    46.021587,
    45.990036,
    45.990036,
    45.990036,
    45.990036,
    45.990036,
    45.990036,
    45.990036,
    45.958939,
    45.958939,
    45.958939,
    45.958939,
    45.958939,
    45.958939,
    45.958939,
    45.958939,
    45.83197,
    45.83197,
    45.83197,
    45.83197,
    45.747391,
    45.747391,
    45.744373,
    45.744373,
    45.744373,
    45.738609,
    45.730576,
    45.730576,
    45.730576,
    45.730576,
    45.710194,
    45.709408,
    45.709408,
    45.708046,
    45.708046,
    45.674965,
    45.674965,
    45.674965,
    45.674965,
    45.671951,
    45.671951,
    45.671791,
    45.671791,
    45.60709,
    45.60709,
    45.60709,
    45.58839,
    45.58839,
    45.58839,
    45.587357,
    45.412846,
    45.412846,
    45.372612,
    45.365116,
    45.360138,
    45.352543,
