{
  "timestamp": "2026-05-11T00:04:39.668268",
  "config": {
    "population_size": 30,
    "max_generations": 1000,
    "xo_prob": 0.8,
    "mut_prob": 0.05,
    "elitesize": 2,
    "tournament_size": 3,
    "crossover_type": "uniform",
    "mutation_type": "triangle_replace",
    "maximization": false,
    "save_image_every_n_gens": 100
  },
  "runtime_seconds": 101.77,
  "final_fitness": 51.480488,
  "fitness_history": [
    73.002876,
    71.179291,
    71.179291,
    69.276398,
    69.05838,
    68.152596,
    67.526978,
    67.526978,
    67.258575,
    66.634384,
    66.634384,
    66.634384,
    66.634384,
    66.626785,
    66.510582,
    66.286057,
    65.610214,
    65.134773,
    65.134773,
    65.134773,
    65.134773,
    64.922348,
    64.225914,
    64.225914,
    64.14299,
    64.130455,
    64.130455,
    63.504356,
    63.473881,
    63.371822,
    63.365341,
    63.108727,
    63.090427,
    62.987995,
    62.987995,
    62.987995,
    62.384109,
    62.147266,
    61.964321,
    61.420086,
    61.420086,
    61.420086,
    60.868435,
    60.868435,
    60.868435,
    60.868435,
    60.071957,
    60.071957,
    59.277641,
    59.277641,
    59.277641,
    59.21563,
    59.087418,
    58.944244,
    58.944244,
    58.492245,
    58.492245,
    58.492245,
    58.374516,
    57.905174,
    57.905174,
    57.905174,
    57.905174,
    57.860962,
    57.860962,
    57.860962,
    57.784279,
    57.784279,
    57.784279,
    57.784279,
    57.680305,
    57.680305,
    57.647263,
    57.6241,
    57.429878,
    57.388344,
    57.340847,
    57.336861,
    57.336861,
    57.336861,
    57.336861,
    57.336861,
    57.17749,
    57.17749,
    57.17749,
    57.162201,
    57.051964,
    56.91325,
    56.736717,
    56.736717,
    56.501991,
    56.490269,
    56.169861,
    56.169861,
    56.152325,
    55.95652,
    55.925377,
    55.925377,
    55.925377,
    55.925377,
    55.751137,
    55.751137,
    55.751137,
    55.751137,
    55.609455,
    55.609455,
    55.250259,
    55.250259,
    55.250259,
    55.130016,
    55.130016,
    55.130016,
    55.130016,
    55.10907,
    55.10907,
    55.10004,
    55.10004,
    55.10004,
    55.10004,
    55.10004,
    55.035519,
    55.035519,
    55.035519,
    54.912643,
    54.912643,
    54.912643,
    54.912643,
    54.912643,
    54.704418,
    54.704418,
    54.630188,
    54.630188,
    54.630188,
    54.630188,
    54.630188,
    54.630188,
    54.443752,
    54.443752,
    54.214508,
    54.214508,
    54.214508,
    54.214508,
    54.214508,
    54.214508,
    54.209011,
    54.209011,
    54.209011,
    54.209011,
    54.209011,
    54.209011,
    54.193455,
    54.190098,
    54.190098,
    54.190098,
    54.190098,
    54.187443,
    54.066521,
    53.960217,
    53.960217,
    53.960217,
    53.960217,
    53.960217,
    53.960217,
    53.959305,
    53.959305,
    53.950363,
    53.935627,
    53.935627,
    53.935627,
    53.935627,
    53.935627,
    53.935627,
    53.935627,
    53.935627,
    53.935627,
    53.935627,
    53.935627,
    53.935627,
    53.935627,
    53.935627,
    53.888264,
    53.888264,
    53.888264,
    53.888264,
    53.888264,
    53.868797,
    53.868797,
    53.868797,
    53.868797,
    53.868797,
    53.868797,
    53.868797,
    53.868797,
    53.868797,
    53.868797,
    53.868797,
    53.868797,
    53.868797,
    53.868797,
    53.868797,
    53.868797,
    53.868797,
    53.868797,
    53.868797,
    53.868797,
    53.868797,
    53.868797,
    53.868797,
    53.868797,
    53.814312,
    53.814312,
    53.814312,
    53.814312,
    53.814312,
    53.814312,
    53.814312,
    53.814312,
    53.814312,
    53.814312,
    53.814312,
    53.814312,
    53.814312,
    53.814312,
    53.814312,
    53.814312,
    53.814312,
    53.814312,
    53.814312,
    53.814312,
    53.814312,
    53.788651,
    53.788651,
    53.787586,
    53.787586,
    53.787586,
    53.787586,
    53.787586,
    53.787586,
    53.787586,
    53.787586,
    53.787586,
    53.787586,
    53.787586,
    53.787586,
    53.787586,
    53.787586,
    53.787586,
    53.787586,
    53.787586,
    53.787586,
    53.787586,
    53.787586,
    53.787586,
    53.787586,
    53.745399,
    53.745399,
    53.745182,
    53.745182,
    53.745182,
    53.745182,
    53.745182,
    53.745182,
    53.745182,
    53.745182,
    53.745182,
    53.745182,
    53.745182,
    53.745182,
    53.745182,
    53.745182,
    53.745182,
    53.70026,
    53.70026,
    53.70026,
    53.70026,
    53.70026,
    53.70026,
    53.70026,
    53.70026,
    53.70026,
    53.70026,
    53.70026,
    53.70026,
    53.692856,
    53.685482,
    53.685482,
    53.685482,
    53.537102,
    53.537102,
    53.537102,
    53.537102,
    53.537102,
    53.537102,
    53.537102,
    53.537102,
    53.268074,
    53.268074,
    53.268074,
    53.268074,
    53.268074,
    53.248001,
    53.248001,
    53.248001,
    53.248001,
    53.248001,
    53.248001,
    53.248001,
    53.248001,
    53.248001,
    53.248001,
    53.248001,
    53.248001,
    53.248001,
    53.214455,
    53.214455,
    53.214455,
    53.214455,
    53.214455,
    53.214455,
    53.214455,
    53.214455,
    53.214455,
    53.214455,
    53.214455,
    53.214455,
    53.143364,
    53.143364,
    53.143364,
    53.143364,
    53.143364,
    53.143364,
    53.143364,
    53.143364,
    53.143364,
    53.076412,
    53.076412,
    53.076412,
    53.076412,
    53.076412,
    53.076412,
    53.076412,
    53.076412,
    53.076412,
    52.930546,
    52.930546,
    52.930546,
    52.930546,
    52.930546,
    52.930546,
    52.930546,
    52.930546,
    52.90728,
    52.90728,
    52.90728,
    52.90728,
    52.90728,
    52.90728,
    52.90728,
    52.90728,
    52.90728,
    52.90728,
    52.90728,
    52.90728,
    52.888485,
    52.888485,
    52.882099,
    52.882099,
    52.882099,
    52.882099,
    52.882099,
    52.861046,
    52.861046,
    52.861046,
    52.861046,
    52.861046,
    52.861046,
    52.861046,
    52.861046,
    52.861046,
    52.861046,
    52.845322,
    52.845322,
    52.845322,
    52.845322,
    52.845322,
    52.809658,
    52.809658,
    52.809658,
    52.809658,
    52.809658,
    52.809658,
    52.809658,
    52.809658,
    52.809658,
    52.809658,
    52.809658,
    52.807495,
    52.807495,
    52.807495,
    52.807495,
    52.807495,
    52.807495,
    52.807495,
    52.807495,
    52.807495,
    52.768837,
    52.724335,
    52.724335,
    52.724335,
    52.724335,
    52.724335,
    52.724335,
    52.724335,
    52.724335,
    52.724335,
    52.72332,
    52.72332,
    52.72332,
    52.72332,
    52.72332,
    52.72332,
    52.708145,
    52.708145,
    52.708145,
    52.708145,
    52.708145,
    52.708145,
    52.708145,
    52.708145,
    52.708145,
    52.708145,
    52.708145,
    52.708145,
    52.708145,
    52.647789,
    52.640564,
    52.640564,
    52.640564,
    52.640564,
    52.640564,
    52.640564,
    52.640564,
    52.640564,
    52.640564,
    52.640564,
    52.640564,
    52.640564,
    52.640564,
    52.640564,
    52.640564,
    52.640564,
    52.640564,
    52.640564,
    52.640564,
    52.640564,
    52.640564,
    52.640564,
    52.640564,
    52.640564,
    52.640564,
    52.640564,
    52.640564,
    52.640564,
    52.640564,
    52.640564,
    52.640564,
    52.640564,
    52.640564,
    52.640564,
    52.640564,
    52.640564,
    52.640564,
    52.640564,
    52.640564,
    52.640564,
    52.596958,
    52.596958,
    52.596958,
    52.596958,
    52.596958,
    52.596958,
    52.596958,
    52.596958,
    52.596958,
    52.596958,
    52.596958,
    52.596958,
    52.596958,
    52.596958,
    52.596958,
    52.596958,
    52.596958,
    52.596958,
    52.596958,
    52.596958,
    52.596958,
    52.584114,
    52.584114,
    52.584114,
    52.584114,
    52.584114,
    52.584114,
    52.584114,
    52.584114,
    52.584114,
    52.578251,
    52.578251,
