{
  "timestamp": "2026-05-11T19:57:59.735934",
  "config": {
    "population_size": 30,
    "max_generations": 1000,
    "xo_prob": 0.8,
    "mut_prob": 0.2,
    "elitesize": 2,
    "tournament_size": 3,
    "crossover_type": "uniform",
    "mutation_type": "random",
    "maximization": false,
    "save_image_every_n_gens": 100
  },
  "runtime_seconds": 101.11,
  "final_fitness": 47.898724,
  "fitness_history": [
    74.947701,
    74.39064,
    72.906822,
    69.50267,
    66.447067,
    66.447067,
    66.447067,
    62.316875,
    62.316875,
    61.428741,
    61.428741,
    61.428741,
    61.428741,
    61.428741,
    60.523899,
    60.523899,
    60.523899,
    60.523899,
    60.145309,
    60.145309,
    60.145309,
    60.112007,
    59.472462,
    59.472462,
    59.472462,
    59.472462,
    59.472462,
    58.972603,
    58.898964,
    58.898964,
    57.582458,
    56.908619,
    55.815952,
    55.815952,
    55.815952,
    55.815952,
    55.815952,
    55.815952,
    55.815952,
    55.815952,
    55.815952,
    55.815952,
    55.815952,
    55.815952,
    55.815952,
    55.815952,
    55.815952,
    55.815952,
    55.61919,
    55.61919,
    55.61919,
    55.61919,
    55.343182,
    55.343182,
    55.343182,
    55.343182,
    55.343182,
    55.343182,
    55.272697,
    55.272697,
    55.2547,
    55.2547,
    55.112541,
    55.112541,
    55.112541,
    54.896168,
    54.688492,
    54.688492,
    54.688492,
    54.688492,
    54.688492,
    54.688492,
    53.689766,
    53.689766,
    53.689766,
    53.689766,
    53.669178,
    53.526848,
    53.526848,
    53.526848,
    53.526848,
    53.526848,
    53.526848,
    53.458004,
    53.458004,
    53.458004,
    53.458004,
    53.13097,
    53.13097,
    53.13097,
    53.13097,
    53.13097,
    53.13097,
    53.13097,
    53.13097,
    53.13097,
    53.13097,
    53.13097,
    53.13097,
    53.13097,
    53.13097,
    53.13097,
    53.13097,
    53.13097,
    53.13097,
    53.13097,
    53.13097,
    53.13097,
    53.13097,
    53.13097,
    53.13097,
    53.13097,
    53.13097,
    53.13097,
    53.13097,
    53.13097,
    53.13097,
    53.13097,
    53.13097,
    53.13097,
    53.13097,
    53.13097,
    53.13097,
    53.13097,
    53.13097,
    53.13097,
    53.13097,
    53.13097,
    53.13097,
    53.13097,
    53.13097,
    53.13097,
    53.011002,
    53.011002,
    53.011002,
    53.011002,
    53.011002,
    53.011002,
    53.011002,
    52.927738,
    52.927738,
    52.927738,
    52.927738,
    52.927738,
    52.927738,
    52.927738,
    52.927738,
    52.927738,
    52.927738,
    52.927738,
    52.927738,
    52.927738,
    52.927738,
    52.927738,
    52.927738,
    52.927738,
    52.927738,
    52.927738,
    52.927738,
    52.927738,
    52.927738,
    52.927738,
    52.927738,
    52.927738,
    52.927738,
    52.663013,
    52.663013,
    52.663013,
    52.663013,
    52.663013,
    52.663013,
    52.558315,
    52.558315,
    52.558315,
    52.558315,
    52.558315,
    52.558315,
    52.558315,
    52.518894,
    52.518894,
    52.518894,
    52.518894,
    52.518894,
    52.353668,
    52.353668,
    52.353668,
    52.353668,
    52.353668,
    52.353668,
    52.353668,
    52.353668,
    52.353668,
    52.353668,
    52.270283,
    52.26403,
    52.26403,
    52.26403,
    52.26403,
    52.26403,
    52.26403,
    52.26403,
    52.26403,
    52.26403,
    52.26403,
    52.26403,
    52.26403,
    52.26403,
    52.26403,
    52.26403,
    52.26403,
    52.26403,
    52.219505,
    52.145924,
    52.145924,
    52.145924,
    52.023323,
    52.023323,
    52.023323,
    51.68919,
    51.68919,
    51.68919,
    51.68919,
    51.68919,
    51.648712,
    51.648712,
    51.648712,
    51.648712,
    51.648712,
    51.648712,
    51.648712,
    51.648712,
    51.648712,
    51.648712,
    51.648712,
    51.648712,
    51.648712,
    51.648712,
    51.648712,
    51.648712,
    51.537502,
    51.537502,
    51.537502,
    51.537502,
    51.537502,
    51.537502,
    51.184139,
    51.184139,
    51.184139,
    51.184139,
    51.184139,
    51.184139,
    51.184139,
    51.184139,
    51.184139,
    51.184139,
    51.184139,
    51.184139,
    51.184139,
    51.184139,
    51.184139,
    51.184139,
    51.184139,
    51.184139,
    51.184139,
    51.184139,
    51.184139,
    51.184139,
    51.184139,
    51.184139,
    51.184139,
    51.18222,
    51.18222,
    51.18222,
    51.18222,
    51.18222,
    51.18222,
    51.18222,
    51.18222,
    51.18222,
    51.18222,
    51.18222,
    51.18222,
    51.18222,
    51.18222,
    51.18222,
    51.18222,
    51.18222,
    51.18222,
    51.18222,
    51.18222,
    51.18222,
    51.18222,
    51.18222,
    51.18222,
    51.18222,
    51.18222,
    51.18222,
    51.18222,
    51.18222,
    51.18222,
    51.18222,
    51.18222,
    51.18222,
    51.18222,
    51.077034,
    51.077034,
    51.077034,
    51.077034,
    51.077034,
    51.077034,
    51.077034,
    51.077034,
    51.077034,
    51.077034,
    51.077034,
    51.077034,
    51.077034,
    51.077034,
    51.077034,
    51.077034,
    51.077034,
    51.077034,
    51.077034,
    51.077034,
    51.077034,
    50.942158,
    50.942158,
    50.942158,
    50.942158,
    50.942158,
    50.942158,
    50.942158,
    50.942158,
    50.942158,
    50.942158,
    50.942158,
    50.942158,
    50.942158,
    50.942158,
    50.942158,
    50.942158,
    50.942158,
    50.942158,
    50.942158,
    50.942158,
    50.942158,
    50.942158,
    50.942158,
    50.942158,
    50.942158,
    50.942158,
    50.942158,
    50.942158,
    50.942158,
    50.942158,
    50.757458,
    50.757458,
    50.757458,
    50.757458,
    50.757458,
    50.757458,
    50.757458,
    50.757458,
    50.757458,
    50.757458,
    50.757458,
    50.757458,
    50.757458,
    50.472057,
    50.472057,
    50.472057,
    50.472057,
    50.472057,
    50.472057,
    50.472057,
    50.472057,
    50.472057,
    50.472057,
    50.472057,
    50.472057,
    50.472057,
    50.472057,
    50.472057,
    50.472057,
    50.472057,
    50.472057,
    50.472057,
    50.472057,
    50.472057,
    50.472057,
    50.472057,
    50.472057,
    50.357445,
    50.357445,
    50.357445,
    50.357445,
    50.357445,
    50.357445,
    50.357445,
    50.357445,
    50.357445,
    50.357445,
    50.357445,
    50.357445,
    50.357445,
    50.357445,
    50.357445,
    50.357445,
    50.342442,
    50.342442,
    50.342442,
    50.342442,
    50.342442,
    50.342442,
    50.342442,
    50.342442,
    50.342442,
    50.342442,
    50.342442,
    50.342442,
    50.342442,
    50.342442,
    50.342442,
    50.342442,
    50.318356,
    50.318356,
    50.318356,
    50.318356,
    50.318356,
    50.318356,
    50.318356,
    50.318356,
    50.318356,
    50.318356,
    50.318356,
    50.318356,
    50.318356,
    50.30312,
    50.30312,
    50.30312,
    50.30312,
    50.30312,
    50.30312,
    50.30312,
    50.30312,
    50.30312,
    50.30312,
    50.098988,
    50.098988,
    50.098988,
    50.098988,
    50.098988,
    50.098988,
    50.098988,
    50.098988,
    50.098988,
    50.098988,
    50.098988,
    50.098988,
    50.098988,
    50.098988,
    50.098988,
    50.098988,
    50.098988,
    50.098988,
    50.098988,
    50.098988,
    50.098988,
    50.098988,
    50.098988,
    50.098988,
    50.098988,
    50.098988,
    50.083054,
    50.083054,
    50.083054,
    50.083054,
    50.083054,
    50.083054,
    50.083054,
    50.056011,
    50.056011,
    50.056011,
    50.056011,
    50.056011,
    50.056011,
    49.967693,
    49.967693,
    49.967693,
    49.967693,
    49.967693,
    49.967693,
    49.967693,
    49.967693,
    49.967693,
    49.967693,
    49.967693,
    49.967693,
    49.967693,
    49.967693,
    49.957012,
    49.957012,
    49.957012,
    49.957012,
    49.957012,
    49.957012,
    49.957012,
    49.957012,
    49.957012,
    49.957012,
    49.957012,
    49.957012,
    49.957012,
