{
  "timestamp": "2026-05-11T10:32:35.376538",
  "config": {
    "population_size": 50,
    "max_generations": 1000,
    "xo_prob": 0.9398,
    "mut_prob": 0.0489,
    "elitesize": 2,
    "tournament_size": 5,
    "crossover_type": "single_point",
    "mutation_type": "random",
    "maximization": false,
    "save_image_every_n_gens": 100
  },
  "runtime_seconds": 170.36,
  "final_fitness": 37.167648,
  "fitness_history": [
    72.53212,
    72.53212,
    69.876266,
    69.386467,
    68.602844,
    67.707817,
    67.488731,
    67.351753,
    66.791199,
    66.496284,
    66.429817,
    65.307236,
    65.242439,
    65.08699,
    64.28054,
    64.236229,
    64.061111,
    63.98642,
    63.940189,
    63.715477,
    63.642879,
    63.56831,
    63.455265,
    63.335926,
    63.20829,
    63.08329,
    62.979813,
    62.818005,
    62.482056,
    62.381687,
    62.320839,
    62.320839,
    62.163765,
    62.155743,
    62.06358,
    61.89283,
    61.734936,
    61.410236,
    61.396061,
    61.157562,
    60.799934,
    60.391304,
    60.391304,
    60.345177,
    60.125298,
    60.125298,
    60.125298,
    60.053299,
    59.958351,
    59.826939,
    59.650375,
    59.650375,
    59.538242,
    59.538242,
    59.409199,
    59.409199,
    59.172333,
    59.172333,
    58.976997,
    58.882145,
    58.422501,
    58.400497,
    58.354511,
    58.22765,
    57.949947,
    57.949947,
    57.829956,
    57.76712,
    57.646378,
    57.422913,
    57.422913,
    57.409492,
    57.409492,
    57.364922,
    57.264847,
    57.105301,
    57.105301,
    56.635891,
    56.635891,
    56.490665,
    56.347446,
    56.347446,
    56.299076,
    56.272358,
    56.251877,
    56.222012,
    56.177341,
    56.156628,
    56.080524,
    56.033741,
    55.946026,
    55.946026,
    55.802967,
    55.769859,
    55.769859,
    55.750084,
    55.578365,
    55.474319,
    55.472397,
    55.430237,
    55.320309,
    55.320309,
    55.232948,
    55.232948,
    55.126236,
    55.102905,
    55.05822,
    54.894264,
    54.867146,
    54.606949,
    54.606949,
    54.581608,
    54.563839,
    54.532181,
    54.498726,
    54.498726,
    54.493435,
    54.443474,
    54.443474,
    54.396038,
    54.396038,
    54.319683,
    54.158005,
    54.158005,
    54.089787,
    54.054497,
    53.998142,
    53.869732,
    53.842098,
    53.630314,
    53.527294,
    53.527294,
    53.527294,
    53.463737,
    53.352154,
    53.274147,
    53.271591,
    53.266369,
    53.240978,
    53.240978,
    53.078167,
    53.058617,
    53.058617,
    52.989712,
    52.989712,
    52.989712,
    52.944889,
    52.944889,
    52.930775,
    52.899567,
    52.809959,
    52.809959,
    52.634193,
    52.622658,
    52.622658,
    52.60276,
    52.589035,
    52.586338,
    52.54578,
    52.543758,
    52.424801,
    52.424801,
    52.415691,
    52.353458,
    52.335941,
    52.332874,
    52.316334,
    52.278503,
    52.261837,
    52.248299,
    52.183712,
    52.178085,
    52.176041,
    52.173878,
    52.161316,
    52.161316,
    52.064678,
    52.064678,
    52.021889,
    52.021889,
    51.927116,
    51.927116,
    51.874454,
    51.856441,
    51.751293,
    51.748108,
    51.727615,
    51.599087,
    51.35207,
    51.32563,
    51.185329,
    51.173317,
    51.050941,
    51.024395,
    51.00201,
    50.987202,
    50.986511,
    50.876316,
    50.872932,
    50.739471,
    50.739471,
    50.696739,
    50.615612,
    50.615612,
    50.615612,
    50.484268,
    50.422497,
    50.182682,
    50.180836,
    50.180836,
    50.180836,
    50.108448,
    50.108448,
    50.099876,
    49.963535,
    49.963535,
    49.963535,
    49.896263,
    49.814865,
    49.794407,
    49.740021,
    49.695457,
    49.642422,
    49.642422,
    49.595383,
    49.563442,
    49.527378,
    49.488194,
    49.448452,
    49.448452,
    49.447384,
    49.401443,
    49.378311,
    49.362534,
    49.348804,
    49.289555,
    49.285873,
    49.243771,
    49.243771,
    49.169968,
    49.169968,
    49.07653,
    49.028831,
    49.028831,
    48.960354,
    48.894814,
    48.889389,
    48.851696,
    48.851696,
    48.851696,
    48.841034,
    48.766491,
    48.753014,
    48.739456,
    48.7169,
    48.639687,
    48.639687,
    48.639687,
    48.559647,
    48.559647,
    48.500034,
    48.463913,
    48.41468,
    48.375469,
    48.354652,
    48.342724,
    48.322876,
    48.015697,
    48.015697,
    47.954529,
    47.954529,
    47.949818,
    47.949249,
    47.934975,
    47.925842,
    47.862988,
    47.799076,
    47.77615,
    47.658203,
    47.658203,
    47.647182,
    47.619743,
    47.59639,
    47.59639,
    47.551498,
    47.551498,
    47.53315,
    47.423927,
    47.373581,
    47.363174,
    47.273769,
    47.218117,
    47.210266,
    47.210266,
    47.119183,
    47.06147,
    46.999218,
    46.98978,
    46.950119,
    46.829254,
    46.829254,
    46.819843,
    46.756706,
    46.695366,
    46.621258,
    46.621258,
    46.613941,
    46.357601,
    46.357601,
    46.357601,
    46.28825,
    46.287544,
    46.230976,
    46.230083,
    46.229851,
    46.207726,
    46.181084,
    46.105103,
    46.065422,
    46.050613,
    46.050613,
    46.04496,
    46.003239,
    46.003239,
    45.917721,
    45.917721,
    45.903896,
    45.891338,
    45.891338,
    45.819244,
    45.819244,
    45.819244,
    45.796543,
    45.694485,
    45.694485,
    45.675102,
    45.675102,
    45.675049,
    45.628075,
    45.628075,
    45.369526,
    45.369526,
    45.354046,
    45.354046,
    45.352703,
    45.318077,
    45.318077,
    45.310375,
    45.275944,
    45.275944,
    45.260906,
    45.251892,
    45.245304,
    45.245304,
    45.245304,
    45.208897,
    45.202,
    45.180855,
    45.166382,
    45.091515,
    44.992668,
    44.992668,
    44.971279,
    44.93927,
    44.925163,
    44.917858,
    44.915646,
    44.90358,
    44.869308,
    44.841415,
    44.822742,
    44.743515,
    44.743515,
    44.743515,
    44.716595,
    44.66325,
    44.629391,
    44.629391,
    44.617249,
    44.558178,
    44.552345,
    44.552345,
    44.439377,
    44.423325,
    44.423325,
    44.423325,
    44.335758,
    44.335758,
    44.335758,
    44.321533,
    44.273849,
    44.273849,
    44.226608,
    44.188396,
    44.188396,
    44.167217,
    44.148029,
    44.148029,
    44.076633,
    44.076633,
    44.004021,
    44.004021,
    44.000835,
    43.946804,
    43.946804,
    43.946804,
    43.946804,
    43.922871,
    43.922871,
    43.869957,
    43.869957,
    43.76725,
    43.740963,
    43.673828,
    43.673828,
    43.673828,
    43.63625,
    43.635929,
    43.617897,
    43.50016,
    43.50016,
    43.50016,
    43.500134,
    43.486809,
    43.486809,
    43.479649,
    43.450542,
    43.450542,
    43.393936,
    43.368092,
    43.365723,
    43.353104,
    43.330849,
    43.327522,
    43.327522,
    43.296139,
    43.292473,
    43.162376,
    43.026993,
    42.996464,
    42.996464,
    42.95174,
    42.95174,
    42.935509,
    42.869545,
    42.869545,
    42.869545,
    42.869545,
    42.851337,
    42.774036,
    42.774036,
    42.774036,
    42.761887,
    42.740078,
    42.740078,
    42.69418,
    42.69418,
    42.69418,
    42.69418,
    42.677822,
    42.677822,
    42.655666,
    42.655666,
    42.609753,
    42.601715,
    42.573746,
    42.534382,
    42.534382,
    42.519066,
    42.428192,
    42.428192,
    42.428192,
    42.42709,
    42.316677,
    42.308254,
    42.171638,
    42.167618,
    42.161263,
    42.160133,
    42.144222,
    42.095646,
    42.061054,
    42.061054,
    42.061054,
    42.017128,
    41.940628,
    41.915218,
    41.886211,
    41.876781,
    41.876781,
    41.866829,
    41.866829,
    41.846573,
    41.837009,
    41.837009,
    41.810558,
    41.80864,
    41.80864,
    41.794514,
    41.765781,
    41.765781,
    41.765781,
    41.765781,
    41.726498,
    41.726498,
    41.725208,
    41.723709,
    41.69788,
