{
  "timestamp": "2026-05-11T19:54:38.275799",
  "config": {
    "population_size": 30,
    "max_generations": 1000,
    "xo_prob": 0.8,
    "mut_prob": 0.05,
    "elitesize": 2,
    "tournament_size": 3,
    "crossover_type": "uniform",
    "mutation_type": "random",
    "maximization": false,
    "save_image_every_n_gens": 100
  },
  "runtime_seconds": 105.78,
  "final_fitness": 37.620872,
  "fitness_history": [
    75.18898,
    74.961746,
    74.961746,
    72.842171,
    71.362244,
    69.508698,
    69.508698,
    67.397537,
    67.397537,
    66.550034,
    65.654282,
    65.432518,
    64.8358,
    64.8358,
    64.141235,
    64.141235,
    64.075935,
    63.654987,
    63.265373,
    62.135239,
    62.120235,
    61.946545,
    61.736507,
    61.365852,
    61.065437,
    61.065437,
    60.96249,
    60.709957,
    60.463997,
    60.199768,
    60.184944,
    60.014412,
    60.000652,
    59.795086,
    59.518829,
    59.295624,
    59.295506,
    58.705189,
    58.705189,
    58.36969,
    57.937897,
    57.834663,
    57.1889,
    57.1889,
    57.173122,
    57.119091,
    57.119091,
    56.75528,
    56.75528,
    56.707508,
    56.705429,
    56.460312,
    56.345165,
    56.239368,
    56.239021,
    56.142017,
    56.142017,
    56.102001,
    55.96949,
    55.726654,
    55.628681,
    55.628681,
    55.492294,
    55.475563,
    55.29335,
    55.289631,
    55.098911,
    55.033699,
    55.033699,
    54.873714,
    54.873714,
    54.674351,
    54.559917,
    54.465851,
    54.459129,
    54.254288,
    53.628819,
    53.580021,
    53.233334,
    53.14954,
    53.132565,
    52.901115,
    52.681305,
    52.539307,
    52.539307,
    52.462059,
    52.462059,
    52.433914,
    52.433914,
    52.433914,
    52.433914,
    52.428535,
    52.37228,
    52.340218,
    52.334373,
    52.007328,
    51.92992,
    51.92992,
    51.838501,
    51.77166,
    51.77166,
    51.767124,
    51.52047,
    51.52047,
    51.52047,
    51.52047,
    51.427055,
    51.427055,
    51.388977,
    51.296162,
    51.222179,
    51.204182,
    51.183887,
    51.103985,
    51.029381,
    50.997173,
    50.997173,
    50.977589,
    50.91349,
    50.91349,
    50.91349,
    50.912033,
    50.833424,
    50.769341,
    50.644329,
    50.619602,
    50.619602,
    50.619602,
    50.57983,
    50.510578,
    50.510578,
    50.510578,
    50.510578,
    50.385117,
    50.385117,
    50.385117,
    50.281975,
    50.281975,
    49.996456,
    49.996456,
    49.996456,
    49.985523,
    49.985523,
    49.985523,
    49.951672,
    49.945454,
    49.925819,
    49.925819,
    49.922829,
    49.922829,
    49.847347,
    49.799038,
    49.752018,
    49.75034,
    49.75034,
    49.748363,
    49.748363,
    49.748363,
    49.740673,
    49.61795,
    49.61795,
    49.61652,
    49.61652,
    49.595051,
    49.554668,
    49.554668,
    49.554668,
    49.482891,
    49.482891,
    49.482891,
    49.462261,
    49.385166,
    49.315823,
    49.157921,
    49.157921,
    49.157921,
    49.135765,
    49.131565,
    49.052692,
    49.052692,
    49.007797,
    48.994438,
    48.888092,
    48.854401,
    48.832851,
    48.832851,
    48.832851,
    48.812374,
    48.812374,
    48.812374,
    48.777451,
    48.764698,
    48.764698,
    48.725338,
    48.725338,
    48.717739,
    48.694115,
    48.694115,
    48.68206,
    48.667755,
    48.667755,
    48.667755,
    48.659779,
    48.64996,
    48.567265,
    48.413925,
    48.412704,
    48.412704,
    48.353508,
    48.345848,
    48.345848,
    48.203884,
    48.203884,
    48.203884,
    48.203884,
    48.203884,
    48.203884,
    48.035725,
    48.030052,
    48.030052,
    47.902508,
    47.74065,
    47.74065,
    47.74065,
    47.74065,
    47.74065,
    47.684155,
    47.681129,
    47.670361,
    47.670361,
    47.670361,
    47.670361,
    47.649967,
    47.638161,
    47.596928,
    47.579227,
    47.579227,
    47.500328,
    47.500328,
    47.433853,
    47.381161,
    47.376053,
    47.248665,
    47.244591,
    47.089188,
    47.049538,
    47.031597,
    46.882496,
    46.520733,
    46.189949,
    46.051292,
    46.051292,
    46.047295,
    46.046928,
    46.0014,
    46.0014,
    46.0014,
    45.8438,
    45.772514,
    45.744358,
    45.744358,
    45.744358,
    45.597885,
    45.597885,
    45.597885,
    45.558655,
    45.558655,
    45.494614,
    45.467495,
    45.407963,
    45.407963,
    45.33923,
    45.33923,
    45.307442,
    45.307442,
    45.246174,
    45.201447,
    45.129978,
    45.099342,
    45.097916,
    45.074917,
    45.026016,
    44.959534,
    44.959534,
    44.956032,
    44.894951,
    44.768627,
    44.768627,
    44.768627,
    44.768627,
    44.768627,
    44.765625,
    44.758816,
    44.37542,
    44.37542,
    44.342178,
    44.31842,
    44.31842,
    44.298607,
    44.282696,
    44.282696,
    44.282696,
    44.282696,
    44.278698,
    44.271782,
    44.240185,
    44.219822,
    43.840958,
    43.827492,
    43.827492,
    43.827492,
    43.812374,
    43.812374,
    43.749367,
    43.747803,
    43.747803,
    43.736012,
    43.73119,
    43.722576,
    43.707535,
    43.707535,
    43.707535,
    43.707535,
    43.675102,
    43.675102,
    43.657856,
    43.657856,
    43.657856,
    43.650249,
    43.650249,
    43.650249,
    43.646038,
    43.616245,
    43.616245,
    43.611965,
    43.6096,
    43.544746,
    43.544746,
    43.357189,
    43.357189,
    43.357189,
    43.304192,
    43.304192,
    43.259972,
    43.259972,
    43.259972,
    43.259972,
    43.231342,
    43.231342,
    43.231125,
    43.21682,
    43.210155,
    43.210155,
    43.210155,
    43.197681,
    43.186485,
    43.186485,
    43.174431,
    43.153008,
    43.153008,
    43.153008,
    43.152103,
    43.118881,
    43.106209,
    43.075569,
    43.06115,
    43.058735,
    43.050514,
    43.013836,
    43.013836,
    43.002224,
    43.002224,
    42.991428,
    42.968719,
    42.956718,
    42.826084,
    42.826084,
    42.826084,
    42.787762,
    42.787762,
    42.786427,
    42.738678,
    42.738678,
    42.721535,
    42.721535,
    42.721535,
    42.721535,
    42.721535,
    42.691181,
    42.691181,
    42.638107,
    42.638107,
    42.638107,
    42.583183,
    42.583183,
    42.574593,
    42.574593,
    42.574593,
    42.574593,
    42.563343,
    42.563343,
    42.563343,
    42.53706,
    42.53706,
    42.485634,
    42.485634,
    42.485634,
    42.485634,
    42.485634,
    42.485634,
    42.485634,
    42.444206,
    42.444206,
    42.444206,
    42.442108,
    42.438148,
    42.398544,
    42.398544,
    42.398544,
    42.357914,
    42.357914,
    42.357914,
    42.357914,
    42.325058,
    42.325058,
    42.325058,
    42.325058,
    42.319164,
    42.319164,
    42.277103,
    42.277103,
    42.265121,
    42.265121,
    42.265121,
    42.265121,
    42.265121,
    42.192879,
    42.192879,
    42.192879,
    42.192879,
    42.153416,
    42.153416,
    42.153416,
    42.134537,
    42.067043,
    42.067043,
    42.067043,
    42.067043,
    42.024242,
    42.024242,
    42.024242,
    42.024242,
    42.024242,
    42.022537,
    42.000477,
    42.000477,
    41.995979,
    41.925358,
    41.886238,
    41.846783,
    41.846783,
    41.846783,
    41.832836,
    41.832836,
    41.790386,
    41.790386,
    41.76606,
    41.76606,
    41.76606,
    41.76606,
    41.76606,
    41.76606,
    41.76606,
    41.76606,
    41.76606,
    41.725388,
    41.725388,
    41.725388,
    41.725388,
    41.725388,
    41.725388,
    41.697159,
    41.687576,
    41.685566,
    41.685566,
    41.685566,
    41.685566,
    41.68058,
    41.678677,
    41.648643,
    41.648643,
    41.646942,
    41.592457,
    41.592457,
    41.576347,
    41.576347,
    41.575626,
    41.536045,
    41.536045,
    41.532761,
    41.489136,
    41.48621,
    41.48621,
    41.48621,
    41.474003,
    41.474003,
    41.467819,
    41.456493,
    41.456493,
    41.456493,
