{
  "timestamp": "2026-05-14T14:31:16.672825",
  "algorithm": "simulated_annealing",
  "config": {
    "C": 20.0,
    "L": 150,
    "H": 1.05,
    "max_iter": 200,
    "save_every_n_steps": 1000
  },
  "runtime_seconds": 734.56,
  "final_fitness": 36.473278,
  "fitness_history": [
    73.530518,
    73.530518,
    73.530518,
    73.530518,
    73.530518,
    73.530518,
    73.530518,
    73.530518,
    73.530518,
    73.530518,
    73.530518,
    73.530518,
    72.877739,
    72.877739,
    72.877739,
    72.877739,
    72.877739,
    72.877739,
    72.877739,
    72.877739,
    72.877739,
    72.877739,
    72.877739,
    72.877739,
    72.877739,
    72.877739,
    72.877739,
    72.877739,
    72.877739,
    72.877739,
    72.877739,
    72.877739,
    72.877739,
    72.877739,
    72.877739,
    72.877739,
    72.877739,
    72.877739,
    72.877739,
    72.877739,
    72.877739,
    72.877739,
    72.877739,
    72.877739,
    72.877739,
    72.877739,
    72.877739,
    72.877739,
    72.877739,
    72.877739,
    72.877739,
    72.877739,
    72.877739,
    72.877739,
    72.877739,
    72.877739,
    72.877739,
    72.877739,
    72.877739,
    72.877739,
    72.877739,
    72.877739,
    72.877739,
    72.877739,
    72.877739,
    72.877739,
    72.877739,
    72.877739,
    72.877739,
    72.877739,
    72.877739,
    72.877739,
    72.877739,
    72.877739,
    72.877739,
    72.877739,
    72.877739,
    72.877739,
    72.877739,
    72.877739,
    72.877739,
    72.877739,
    72.877739,
    72.877739,
    72.515358,
    72.388367,
    71.369667,
    70.578911,
    69.857391,
    69.627205,
    69.627205,
    68.706429,
    68.01725,
    67.566582,
    67.562683,
    66.499062,
    66.188438,
    65.026093,
    63.925758,
    63.925758,
    63.642727,
    63.642727,
    62.979797,
    62.576889,
    62.576889,
    62.534122,
    62.178467,
    61.883053,
    61.42979,
    60.734589,
    60.276791,
    59.638142,
    59.577625,
    58.649536,
    57.94072,
    57.283554,
    56.796474,
    56.095615,
    55.796684,
    55.796684,
    55.536205,
    55.183342,
    55.027882,
    54.819397,
    54.421997,
    53.977463,
    53.810753,
    53.810753,
    53.358749,
    53.13818,
    52.733936,
    52.551285,
    52.419136,
    52.109009,
    51.62307,
    51.1012,
    50.777584,
    50.536793,
    50.294044,
    50.007515,
    49.732925,
    49.539051,
    49.09798,
    48.860363,
    48.03175,
    47.547726,
    46.892403,
    46.529087,
    46.491669,
    46.101307,
    45.814228,
    45.374039,
    45.154991,
    44.579674,
    44.272854,
    43.988804,
    43.709286,
    43.394302,
    43.191116,
    43.066372,
    42.79686,
    42.553181,
    42.446205,
    42.255707,
    42.164936,
    41.817955,
    41.670944,
    41.303921,
    40.847664,
    40.793064,
    40.599491,
    40.313957,
    40.134174,
    40.032707,
    39.813583,
    39.723099,
    39.539066,
    39.363155,
    39.150826,
    38.998325,
    38.924122,
    38.792175,
    38.73399,
    38.639889,
    38.556252,
    38.476967,
    38.348186,
    38.133335,
    38.044132,
    37.940273,
    37.846405,
    37.534657,
    37.363655,
    37.184753,
    37.108131,
    36.902225,
    36.757122,
    36.673702,
    36.579975,
    36.473278
  ],
  "n_outer_cycles": 200,
  "best_repr": [
    84,
    26,
    81,
    400,
    178,
    236,
    155,
    163,
    10,
    167,
    150,
    108,
    133,
    291,
    120,
    166,
    104,
    167,
    63,
    150,
    91,
    138,
    217,
    0,
    110,
    103,
    218,
    195,
    239,
    0,
    151,
    354,
    285,
    27,
    21,
    168,
    132,
    6,
    255,
    5,
    88,
    361,
    191,
    158,
    97,
    234,
    55,
    223,
    59,
    255,
    209,
    130,
    256,
    240,
    255,
    19,
    70,
    60,
    213,
    14,
    248,
    118,
    220,
    109,
    243,
    112,
    5,
    111,
    190,
    71,
    134,
    253,
    276,
    271,
    58,
    131,
    78,
    31,
    73,
    86,
    231,
    312,
    92,
    266,
    254,
    111,
    134,
    82,
    217,
    255,
    136,
    227,
    126,
    5,
    198,
    0,
    108,
    212,
    159,
    122,
    162,
    168,
    217,
    17,
    116,
    170,
    102,
    5,
    16,
    119,
    228,
    238,
    297,
    231,
    273,
    81,
    159,
    232,
    255,
    0,
    11,
    203,
    175,
    180,
    114,
    289,
    117,
    32,
    187,
    37,
    51,
    385,
    127,
    142,
    147,
    314,
    229,
    140,
    207,
    180,
    56,
    400,
    233,
    250,
    103,
    360,
    196,
    93,
    143,
    255,
    266,
    195,
    286,
    325,
    27,
    71,
    185,
    130,
    213,
    240,
    0,
    84,
    291,
    52,
    257,
    44,
    74,
    131,
    255,
    23,
    300,
    10,
    68,
    320,
    262,
    90,
    174,
    130,
    41,
    48,
    189,
    9,
    130,
    368,
    233,
    295,
    230,
    230,
    167,
    50,
    230,
    260,
    27,
    102,
    82,
    177,
    212,
    153,
    115,
    68,
    219,
    293,
    0,
    232,
    42,
    35,
    158,
    122,
    151,
    88,
    280,
    301,
    295,
    122,
    38,
    337,
    24,
    29,
    129,
    42,
    206,
    154,
    269,
    64,
    102,
    283,
    224,
    122,
    0,
    93,
    85,
    308,
    300,
    333,
    31,
    82,
    161,
    219,
    132,
    231,
    296,
    0,
    118,
    124,
    199,
    219,
    64,
    94,
    177,
    38,
    202,
    193,
    73,
    180,
    100,
    175,
    133,
    186,
    11,
    169,
    76,
    237,
    191,
    243,
    197,
    254,
    211,
    19,
    115,
    163,
    274,
    99,
    30,
    53,
    86,
    300,
    222,
    166,
    224,
    145,
    254,
    59,
    0,
    315,
    174,
    183,
    241,
    44,
    46,
    0,
    170,
    59,
    237,
    231,
    57,
    400,
    231,
    13,
    19,
    98,
    249,
    262,
    15,
    357,
    296,
    314,
    121,
    245,
    83,
    35,
    282,
    19,
    124,
    385,
    92,
    145,
    62,
    32,
    12,
    174,
    165,
    371,
    152,
    303,
    233,
    63,
    160,
    6,
    206,
    29,
    125,
    209,
    268,
    21,
    43,
    314,
    31,
    42,
    245,
    0,
    267,
    118,
    150,
    201,
    0,
    87,
    199,
    184,
    201,
    89,
    97,
    218,
    300,
    343,
    141,
    0,
    240,
    72,
    169,
    61,
    154,
    298,
    240,
    99,
    94,
    229,
    144,
    150,
    187,
    7,
    272,
    16,
    265,
    302,
    209,
    400,
    209,
    249,
    165,
    111,
    109,
    109,
    260,
    245,
    172,
    278,
    108,
    60,
    111,
    0,
    262,
    87,
    39,
    254,
    58,
    30,
    227,
    203,
    33,
    69,
    33,
    236,
    113,
    53,
    270,
    213,
    21,
    155,
    2,
    8,
    44,
    114,
    231,
    29,
    113,
    0,
    240,
    217,
    156,
    146,
    95,
    92,
    182,
    179,
    136,
    254,
    50,
    0,
    221,
    159,
    273,
    306,
    26,
    199,
    127,
    335,
    88,
    171,
    154,
    10,
    270,
    185,
    222,
    291,
    69,
    351,
    118,
    116,
    93,
    28,
    166,
    195,
    228,
    242,
    227,
    75,
    72,
    202,
    54,
    138,
    14,
    0,
    191,
    325,
    286,
    379,
    17,
    0,
    86,
    0,
    117,
    396,
    188,
    380,
    123,
    68,
    5,
    215,
    5,
    251,
    138,
    41,
    231,
    194,
    224,
    138,
    93,
    22,
    240,
    19,
    127,
    334,
    12,
    192,
    222,
    162,
    219,
    11,
    26,
    94,
    286,
    358,
    244,
    380,
    258,
    246,
    96,
    101,
    69,
    88,
    300,
    277,
    60,
    261,
    0,
    0,
    242,
    255,
    185,
    43,
    230,
    28,
    121,
    56,
    205,
    100,
    149,
    26,
    84,
    55,
    84,
    202,
    89,
    246,
    65,
    144,
    254,
    52,
    84,
    136,
    90,
    248,
    153,
    220,
