{
  "timestamp": "2026-05-11T20:11:46.388498",
  "config": {
    "population_size": 30,
    "max_generations": 1000,
    "xo_prob": 0.8,
    "mut_prob": 0.05,
    "elitesize": 2,
    "tournament_size": 4,
    "crossover_type": "uniform",
    "mutation_type": "random",
    "maximization": false,
    "save_image_every_n_gens": 100
  },
  "runtime_seconds": 104.61,
  "final_fitness": 38.369038,
  "fitness_history": [
    74.958809,
    71.386726,
    66.826775,
    66.826775,
    66.55912,
    65.699196,
    65.146545,
    64.68322,
    64.298462,
    64.115547,
    64.115547,
    64.006111,
    63.716946,
    63.208424,
    63.205395,
    63.004623,
    62.73912,
    62.182774,
    62.182774,
    62.147385,
    61.926456,
    61.898968,
    61.440804,
    61.387508,
    60.389584,
    59.607975,
    59.462582,
    58.888901,
    58.805176,
    58.805176,
    58.038074,
    58.038074,
    58.038074,
    58.03582,
    57.990654,
    57.990654,
    57.720524,
    57.720524,
    57.670147,
    57.666611,
    57.479366,
    57.365185,
    57.100182,
    57.09758,
    57.005737,
    56.831608,
    56.728085,
    56.569435,
    56.569183,
    56.388012,
    56.290012,
    56.218533,
    55.95182,
    55.503021,
    55.503021,
    55.477703,
    55.337948,
    55.332409,
    55.320496,
    55.279472,
    55.27776,
    55.249893,
    55.161606,
    55.161606,
    54.972588,
    54.972588,
    54.840229,
    54.840229,
    54.750736,
    54.715214,
    54.621456,
    54.516788,
    54.516788,
    54.459122,
    54.21368,
    54.15139,
    53.961178,
    53.858166,
    53.85004,
    53.400887,
    53.400887,
    53.321064,
    53.321064,
    53.311394,
    53.267162,
    53.131538,
    53.131538,
    52.949974,
    52.949974,
    52.783421,
    52.652069,
    52.58596,
    52.142769,
    52.142769,
    52.142769,
    52.013096,
    52.013096,
    52.010067,
    51.90543,
    51.884212,
    51.845444,
    51.831791,
    51.801723,
    51.801723,
    51.798492,
    51.753742,
    51.730438,
    51.707859,
    51.70763,
    51.634975,
    51.601444,
    51.42532,
    51.42482,
    51.188324,
    51.188324,
    51.11895,
    51.066933,
    51.066933,
    51.066933,
    51.066933,
    50.981979,
    50.897888,
    50.813576,
    50.772537,
    50.772537,
    50.772537,
    50.762154,
    50.646557,
    50.646557,
    50.593269,
    50.587795,
    50.545139,
    50.489563,
    50.389839,
    50.389839,
    50.389599,
    50.340343,
    50.231274,
    50.003868,
    49.925072,
    49.925072,
    49.801826,
    49.801826,
    49.796474,
    49.725018,
    49.437553,
    49.326637,
    49.166893,
    49.066883,
    49.029621,
    48.906174,
    48.906174,
    48.801674,
    48.77483,
    48.77483,
    48.751286,
    48.751286,
    48.751286,
    48.698608,
    48.651466,
    48.651466,
    48.576611,
    48.576611,
    48.576611,
    48.576611,
    48.560444,
    48.540504,
    48.473888,
    48.347961,
    48.299599,
    48.248035,
    48.248035,
    48.204929,
    48.154991,
    48.07946,
    48.03302,
    48.002125,
    48.002125,
    47.939838,
    47.912285,
    47.912285,
    47.911541,
    47.869923,
    47.850826,
    47.832066,
    47.814335,
    47.765327,
    47.765327,
    47.765327,
    47.765327,
    47.754677,
    47.740993,
    47.7052,
    47.7052,
    47.649689,
    47.649689,
    47.647339,
    47.406136,
    47.406136,
    47.406136,
    47.344418,
    47.246384,
    47.143387,
    47.143387,
    47.124077,
    47.016735,
    47.016735,
    46.983261,
    46.983261,
    46.977173,
    46.903728,
    46.899559,
    46.888844,
    46.882118,
    46.824574,
    46.804501,
    46.803703,
    46.782597,
    46.770676,
    46.770676,
    46.754704,
    46.510113,
    46.508415,
    46.504955,
    46.504955,
    46.498451,
    46.439011,
    46.42643,
    46.425861,
    46.425724,
    46.381805,
    46.379341,
    46.319042,
    46.266483,
    46.236855,
    46.236855,
    46.219955,
    46.180981,
    46.180981,
    46.171993,
    46.158695,
    46.157608,
    46.143093,
    46.141998,
    46.138012,
    46.108532,
    46.09539,
    46.000072,
    45.974659,
    45.974659,
    45.8866,
    45.8866,
    45.742439,
    45.742439,
    45.742439,
    45.71603,
    45.68594,
    45.661922,
    45.661922,
    45.62323,
    45.62323,
    45.604137,
    45.524197,
    45.445343,
    45.445343,
    45.445343,
    45.440464,
    45.432674,
    45.432674,
    45.432674,
    45.432674,
    45.379898,
    45.378246,
    45.366974,
    45.355293,
    45.342594,
    45.341648,
    45.341648,
    45.341648,
    45.330997,
    45.32093,
    45.285892,
    45.285892,
    45.237553,
    45.234997,
    45.168396,
    45.168396,
    45.168396,
    45.168396,
    45.159542,
    45.15461,
    45.147251,
    45.105934,
    45.105934,
    45.095917,
    45.095917,
    45.045292,
    45.021236,
    45.021236,
    45.004555,
    44.974674,
    44.974674,
    44.937046,
    44.885956,
    44.849037,
    44.849037,
    44.849037,
    44.849037,
    44.81023,
    44.757294,
    44.757294,
    44.757294,
    44.749619,
    44.749619,
    44.749619,
    44.749619,
    44.731686,
    44.731686,
    44.731628,
    44.718029,
    44.718029,
    44.697536,
    44.687706,
    44.631729,
    44.619331,
    44.619331,
    44.619331,
    44.619331,
    44.619331,
    44.619331,
    44.611217,
    44.611217,
    44.611217,
    44.611206,
    44.588856,
    44.556473,
    44.556473,
    44.527081,
    44.527081,
    44.527081,
    44.519978,
    44.515564,
    44.483006,
    44.446205,
    44.389507,
    44.368732,
    44.368732,
    44.368732,
    44.368732,
    44.352093,
    44.352093,
    44.352093,
    44.352093,
    44.351986,
    44.339016,
    44.337566,
    44.311794,
    44.216736,
    44.155022,
    44.155022,
    44.149025,
    44.136433,
    44.136433,
    44.127701,
    44.127701,
    44.127701,
    44.106266,
    44.106266,
    44.098541,
    44.097874,
    44.097874,
    44.093746,
    44.071648,
    44.070419,
    44.060989,
    44.060989,
    44.060989,
    44.036133,
    44.013527,
    44.013527,
    44.006897,
    43.97718,
    43.9715,
    43.961403,
    43.884384,
    43.879574,
    43.879574,
    43.879574,
    43.879574,
    43.858448,
    43.852493,
    43.819523,
    43.819523,
    43.819523,
    43.802208,
    43.802208,
    43.802208,
    43.802208,
    43.734798,
    43.707993,
    43.704796,
    43.671516,
    43.671516,
    43.653439,
    43.653439,
    43.618668,
    43.618668,
    43.618668,
    43.610764,
    43.610764,
    43.610764,
    43.610764,
    43.610764,
    43.559238,
    43.559238,
    43.559238,
    43.559238,
    43.559238,
    43.517708,
    43.517708,
    43.517708,
    43.517708,
    43.517708,
    43.517708,
    43.498985,
    43.494816,
    43.463448,
    43.463448,
    43.446419,
    43.445141,
    43.414215,
    43.392826,
    43.392826,
    43.387817,
    43.387817,
    43.387817,
    43.352871,
    43.34375,
    43.332184,
    43.331097,
    43.331097,
    43.331097,
    43.314148,
    43.314148,
    43.301426,
    43.295994,
    43.295109,
    43.289856,
    43.257694,
    43.242107,
    43.242107,
    43.242107,
    43.242107,
    43.242107,
    43.240433,
    43.238464,
    43.231236,
    43.231236,
    43.211735,
    43.211735,
    43.211674,
    43.211674,
    43.172966,
    43.134464,
    43.1278,
    43.1278,
    43.126453,
    43.111881,
    43.048267,
    43.048267,
    43.028851,
    43.000393,
    43.000393,
    43.000393,
    42.994041,
    42.975178,
    42.975178,
    42.972881,
    42.972881,
    42.957649,
    42.930756,
    42.930756,
    42.930756,
    42.930237,
    42.771088,
    42.771088,
    42.730236,
    42.730236,
    42.730236,
    42.728539,
    42.728539,
    42.723919,
    42.700405,
    42.683075,
    42.655613,
    42.631741,
    42.631741,
    42.60508,
    42.556114,
    42.555843,
    42.508854,
    42.508854,
    42.500221,
    42.494282,
    42.494282,
    42.483994,
    42.483994,
    42.483994,
