{
  "timestamp": "2026-05-11T20:15:17.632331",
  "config": {
    "population_size": 30,
    "max_generations": 1000,
    "xo_prob": 0.8,
    "mut_prob": 0.05,
    "elitesize": 2,
    "tournament_size": 6,
    "crossover_type": "uniform",
    "mutation_type": "random",
    "maximization": false,
    "save_image_every_n_gens": 100
  },
  "runtime_seconds": 106.28,
  "final_fitness": 37.408291,
  "fitness_history": [
    75.564682,
    72.221298,
    70.412689,
    70.165359,
    68.543633,
    66.850533,
    66.619308,
    65.190552,
    64.890007,
    64.727409,
    64.436745,
    63.754704,
    63.003639,
    63.003639,
    62.798275,
    62.693924,
    62.645733,
    62.371475,
    62.149548,
    62.149548,
    61.74818,
    61.325497,
    60.853798,
    60.734783,
    60.506348,
    60.506348,
    59.81488,
    59.673721,
    59.491695,
    59.165359,
    58.797256,
    58.780239,
    58.392242,
    58.392242,
    58.062328,
    58.008606,
    57.894836,
    57.766914,
    57.72477,
    57.605946,
    57.556644,
    57.505272,
    57.463833,
    57.326084,
    57.133751,
    57.133751,
    56.872787,
    56.800522,
    56.761551,
    56.714375,
    56.659073,
    56.609447,
    56.450577,
    56.390392,
    56.356857,
    56.341999,
    56.270767,
    56.215935,
    56.194698,
    56.140949,
    56.076542,
    55.864967,
    55.77084,
    55.524788,
    55.524788,
    55.302605,
    55.199688,
    55.09618,
    54.986259,
    54.949318,
    54.91457,
    54.842258,
    54.799957,
    54.752357,
    54.674046,
    54.615688,
    54.587135,
    54.587135,
    54.548328,
    54.506126,
    54.380882,
    54.33646,
    54.33646,
    54.290306,
    54.287605,
    54.275494,
    54.18576,
    54.118462,
    54.093819,
    54.093819,
    54.030041,
    53.972641,
    53.939949,
    53.928215,
    53.652847,
    53.569809,
    53.439747,
    53.375744,
    53.375626,
    53.152748,
    53.119553,
    53.069271,
    52.80014,
    52.80014,
    52.80014,
    52.781223,
    52.721973,
    52.708046,
    52.679554,
    52.619415,
    52.619415,
    52.618923,
    52.52,
    52.490635,
    52.490635,
    52.419743,
    52.354294,
    52.354294,
    52.348446,
    52.250919,
    52.234341,
    52.176327,
    52.150352,
    52.127769,
    52.097958,
    52.070267,
    52.070267,
    52.004765,
    51.78426,
    51.779831,
    51.670326,
    51.589401,
    51.589401,
    51.551392,
    51.502224,
    51.286106,
    51.286106,
    51.268509,
    51.19799,
    51.19799,
    51.170151,
    51.155415,
    51.104221,
    51.104221,
    50.668194,
    50.58923,
    50.57431,
    50.524849,
    50.465977,
    50.461571,
    50.461571,
    50.461571,
    50.458553,
    50.387886,
    50.320015,
    50.255947,
    50.220215,
    50.167454,
    50.115246,
    49.89777,
    49.832325,
    49.769615,
    49.703335,
    49.703335,
    49.605141,
    49.605095,
    49.583794,
    49.576954,
    49.543289,
    49.543289,
    49.502758,
    49.484371,
    49.483982,
    49.483982,
    49.483982,
    49.091908,
    49.091908,
    49.08374,
    49.080826,
    49.022133,
    49.022133,
    49.022133,
    49.002056,
    48.929043,
    48.929043,
    48.929043,
    48.929043,
    48.754131,
    48.654285,
    48.511467,
    48.511467,
    48.511467,
    48.457714,
    48.457714,
    48.450649,
    48.425278,
    48.385178,
    48.381065,
    48.350273,
    48.350273,
    48.330204,
    48.315895,
    48.314762,
    48.311756,
    48.311478,
    48.279446,
    48.273693,
    48.000633,
    47.965355,
    47.939465,
    47.418877,
    47.418877,
    47.394554,
    47.37365,
    47.367817,
    47.334793,
    47.048203,
    47.048203,
    47.048203,
    47.040112,
    46.982849,
    46.942699,
    46.875175,
    46.842865,
    46.80711,
    46.773399,
    46.73254,
    46.713104,
    46.656998,
    46.63625,
    46.625404,
    46.556805,
    46.556805,
    46.556805,
    46.499535,
    46.499535,
    46.494118,
    46.371727,
    46.333271,
    46.333271,
    46.317886,
    46.317886,
    46.293404,
    46.260723,
    46.058235,
    46.058235,
    46.058235,
    46.056328,
    46.056328,
    45.997253,
    45.995312,
    45.899376,
    45.89502,
    45.803028,
    45.801228,
    45.776962,
    45.776962,
    45.755417,
    45.613194,
    45.58017,
    45.573204,
    45.573204,
    45.512344,
    45.508709,
    45.462017,
    45.446251,
    45.432716,
    45.386799,
    45.369015,
    45.232765,
    45.232765,
    45.20142,
    45.20142,
    45.20142,
    45.105762,
    45.10318,
    45.055283,
    45.055283,
    45.034481,
    44.980423,
    44.980423,
    44.980423,
    44.915588,
    44.779327,
    44.779327,
    44.779327,
    44.771473,
    44.757271,
    44.693737,
    44.684853,
    44.657536,
    44.592957,
    44.528927,
    44.528927,
    44.503635,
    44.484081,
    44.484081,
    44.470718,
    44.463127,
    44.347794,
    44.346184,
    44.282871,
    44.241188,
    44.241188,
    44.223896,
    44.189804,
    44.189804,
    44.189804,
    44.138554,
    44.066887,
    43.95665,
    43.917049,
    43.914688,
    43.909355,
    43.889587,
    43.839111,
    43.791039,
    43.791039,
    43.779083,
    43.779083,
    43.778496,
    43.708405,
    43.704304,
    43.704304,
    43.691002,
    43.686657,
    43.686657,
    43.659954,
    43.659954,
    43.659534,
    43.638214,
    43.604424,
    43.604374,
    43.604374,
    43.603981,
    43.599888,
    43.506001,
    43.506001,
    43.458015,
    43.455959,
    43.453503,
    43.428276,
    43.421047,
    43.417336,
    43.417336,
    43.417336,
    43.414848,
    43.405838,
    43.379124,
    43.379124,
    43.379124,
    43.379124,
    43.373112,
    43.367599,
    43.34959,
    43.347115,
    43.345463,
    43.331951,
    43.288059,
    43.288059,
    43.288059,
    43.272224,
    43.272224,
    43.270214,
    43.270214,
    43.264874,
    43.24474,
    43.24474,
    43.222286,
    43.222279,
    43.125286,
    43.125286,
    43.125286,
    43.079849,
    43.039631,
    43.023518,
    42.98745,
    42.95348,
    42.95348,
    42.935524,
    42.93417,
    42.93417,
    42.930561,
    42.876331,
    42.856003,
    42.85228,
    42.850758,
    42.830944,
    42.827374,
    42.827374,
    42.807304,
    42.807304,
    42.779465,
    42.76403,
    42.734791,
    42.73016,
    42.71006,
    42.707504,
    42.706451,
    42.694935,
    42.694935,
    42.663662,
    42.628769,
    42.491413,
    42.491413,
    42.491413,
    42.296459,
    42.296459,
    42.296459,
    42.289757,
    42.286949,
    42.286346,
    42.284924,
    42.279728,
    42.277111,
    42.273914,
    42.199219,
    42.199219,
    42.199219,
    42.197849,
    42.191269,
    42.178429,
    42.12822,
    42.12722,
    42.12722,
    42.064453,
    41.998077,
    41.904301,
    41.904301,
    41.904301,
    41.904301,
    41.904301,
    41.899574,
    41.866577,
    41.866577,
    41.866577,
    41.851219,
    41.841618,
    41.795986,
    41.795986,
    41.793472,
    41.787182,
    41.783211,
    41.761528,
    41.761528,
    41.761528,
    41.761528,
    41.684845,
    41.684845,
    41.663952,
    41.647442,
    41.578819,
    41.553631,
    41.553631,
    41.359814,
    41.354931,
    41.354282,
    41.324894,
    41.324894,
    41.301163,
    41.297649,
    41.297649,
    41.296272,
    41.291023,
    41.291023,
    41.291023,
    41.291023,
    41.289314,
    41.243301,
    41.201031,
    41.196449,
    41.196449,
    41.182583,
    41.182583,
    41.182583,
    41.182583,
    41.178761,
    41.177113,
    41.176903,
    41.168873,
    41.168873,
    41.163273,
    41.132648,
    41.099255,
    41.08292,
    41.022007,
    41.022007,
    40.985222,
    40.964184,
    40.933975,
    40.883606,
    40.870804,
    40.870804,
    40.870804,
    40.870804,
    40.870804,
    40.859695,
    40.853275,
    40.853275,
    40.853275,
    40.845806,
    40.828465,
    40.828465,
    40.828465,
    40.828465,
    40.812645,
    40.811283,
    40.796566,
