{
  "timestamp": "2026-05-11T22:08:12.309220",
  "config": {
    "population_size": 30,
    "max_generations": 1000,
    "xo_prob": 0.8,
    "mut_prob": 0.05,
    "elitesize": 2,
    "tournament_size": 3,
    "crossover_type": "uniform",
    "mutation_type": "random",
    "maximization": false,
    "save_image_every_n_gens": 100,
    "seed": 3,
    "algorithm": "GA"
  },
  "runtime_seconds": 97.09,
  "final_fitness": 38.864559,
  "fitness_history": [
    73.995338,
    73.772446,
    72.07769,
    71.781158,
    69.164314,
    69.047989,
    68.499786,
    68.27581,
    67.674004,
    67.377533,
    67.377533,
    67.075882,
    66.310196,
    66.310196,
    65.462059,
    64.925575,
    64.925575,
    64.609825,
    64.309807,
    64.291458,
    63.897003,
    63.712296,
    63.606693,
    63.452595,
    63.452595,
    63.205486,
    63.181293,
    62.617668,
    62.617668,
    62.224056,
    62.224056,
    62.18074,
    62.18074,
    61.81971,
    61.81971,
    61.669144,
    61.669144,
    61.654816,
    61.1702,
    61.1702,
    61.1702,
    61.1702,
    60.980061,
    60.927788,
    60.849922,
    60.788403,
    60.134949,
    59.589455,
    59.451523,
    59.451523,
    59.340099,
    59.340099,
    59.340099,
    59.037769,
    59.037769,
    58.988712,
    58.719978,
    58.6516,
    58.645466,
    58.57999,
    58.555016,
    58.327778,
    58.327778,
    58.327778,
    58.327778,
    58.123009,
    58.10849,
    57.990307,
    57.990307,
    57.855373,
    57.723923,
    57.532078,
    57.532078,
    57.532078,
    57.46648,
    57.385113,
    57.385113,
    57.385113,
    57.310341,
    57.305668,
    57.303055,
    57.261265,
    57.169144,
    57.169144,
    56.998196,
    56.998196,
    56.998196,
    56.823574,
    56.615158,
    56.51152,
    56.291477,
    56.182838,
    56.123798,
    56.123798,
    55.873051,
    55.873051,
    55.776424,
    55.72287,
    55.72287,
    55.656948,
    55.514095,
    55.451744,
    55.451744,
    55.347298,
    55.347298,
    55.342503,
    55.334721,
    55.031364,
    55.025845,
    54.716335,
    54.716335,
    54.716335,
    54.619118,
    54.609718,
    54.553913,
    54.491909,
    54.381958,
    54.315182,
    54.094536,
    53.840607,
    53.680122,
    53.595543,
    53.582386,
    53.546543,
    53.546543,
    53.507301,
    53.413933,
    53.412605,
    53.390324,
    53.318169,
    53.317654,
    53.280704,
    53.280693,
    53.189476,
    53.189476,
    53.181084,
    53.181084,
    53.144169,
    53.144169,
    52.867401,
    52.867401,
    52.867401,
    52.867401,
    52.787453,
    52.787453,
    52.787453,
    52.787453,
    52.735527,
    52.695904,
    52.695904,
    52.632492,
    52.56871,
    52.56855,
    52.540756,
    52.531006,
    52.531006,
    52.522476,
    52.375683,
    52.375683,
    52.29203,
    52.167992,
    52.167992,
    52.080292,
    52.080292,
    52.0382,
    52.029037,
    52.029037,
    51.940155,
    51.940155,
    51.940155,
    51.937695,
    51.937695,
    51.932686,
    51.916241,
    51.909554,
    51.838398,
    51.838398,
    51.787418,
    51.756084,
    51.756084,
    51.739525,
    51.717621,
    51.557709,
    51.554813,
    51.512451,
    51.512451,
    51.460136,
    51.201557,
    51.201557,
    51.139042,
    51.093304,
    51.009113,
    51.008804,
    50.984047,
    50.984047,
    50.902222,
    50.890369,
    50.821163,
    50.821163,
    50.816132,
    50.709743,
    50.709743,
    50.677612,
    50.645603,
    50.645603,
    50.645603,
    50.59779,
    50.596531,
    50.528584,
    50.479233,
    50.477509,
    50.452354,
    50.439995,
    50.439995,
    50.326084,
    50.228546,
    50.228546,
    50.228546,
    50.18869,
    50.119884,
    50.119884,
    49.994728,
    49.994728,
    49.935856,
    49.935856,
    49.935501,
    49.933693,
    49.933693,
    49.933693,
    49.933693,
    49.898514,
    49.895485,
    49.803829,
    49.803829,
    49.803829,
    49.788364,
    49.73671,
    49.711056,
    49.689274,
    49.661274,
    49.641071,
    49.564129,
    49.564129,
    49.564129,
    49.54813,
    49.54813,
    49.54813,
    49.54417,
    49.433113,
    49.433113,
    49.433113,
    49.399155,
    49.23246,
    49.23246,
    49.097553,
    49.097553,
    49.090721,
    49.088863,
    48.977306,
    48.977306,
    48.977306,
    48.977306,
    48.958782,
    48.958782,
    48.84626,
    48.776905,
    48.72023,
    48.72023,
    48.72023,
    48.712902,
    48.712902,
    48.695854,
    48.690758,
    48.687019,
    48.623669,
    48.623669,
    48.568878,
    48.568878,
    48.568428,
    48.568428,
    48.524628,
    48.524628,
    48.524628,
    48.45488,
    48.376987,
    48.376987,
    48.364193,
    48.364193,
    48.364193,
    48.306931,
    48.303394,
    48.303394,
    48.283428,
    48.273239,
    48.222298,
    48.222298,
    48.19368,
    48.081577,
    48.081577,
    48.081577,
    48.027279,
    48.027279,
    48.027279,
    48.007172,
    47.938705,
    47.897076,
    47.887592,
    47.79916,
    47.756344,
    47.750301,
    47.750301,
    47.750301,
    47.709335,
    47.709335,
    47.681168,
    47.662067,
    47.662067,
    47.658482,
    47.64801,
    47.628529,
    47.543388,
    47.352158,
    47.329155,
    47.292316,
    47.292316,
    47.290936,
    47.279846,
    47.232166,
    47.232166,
    47.213745,
    47.13879,
    47.13879,
    47.13879,
    47.13879,
    47.13879,
    47.13879,
    47.13879,
    47.123501,
    47.050514,
    47.050514,
    46.915932,
    46.914921,
    46.912548,
    46.912548,
    46.734211,
    46.734211,
    46.493134,
    46.493134,
    46.389778,
    46.389778,
    46.389778,
    46.347069,
    46.178699,
    46.178699,
    46.16853,
    45.980915,
    45.980915,
    45.980915,
    45.903889,
    45.901566,
    45.83213,
    45.79504,
    45.697327,
    45.598263,
    45.598263,
    45.598263,
    45.575523,
    45.575523,
    45.566231,
    45.566231,
    45.519806,
    45.519806,
    45.519806,
    45.519806,
    45.381592,
    45.381592,
    45.381592,
    45.381592,
    45.379341,
    45.325886,
    45.325886,
    45.318302,
    45.318302,
    45.318302,
    45.318302,
    45.312984,
    45.280594,
    45.280594,
    45.255913,
    45.220898,
    45.191883,
    45.159718,
    45.086655,
    45.086655,
    45.086655,
    44.994465,
    44.994465,
    44.994465,
    44.990646,
    44.981125,
    44.977455,
    44.972523,
    44.956505,
    44.956505,
    44.942612,
    44.942612,
    44.942612,
    44.85297,
    44.85297,
    44.85297,
    44.85297,
    44.828129,
    44.828129,
    44.828129,
    44.827034,
    44.748383,
    44.748383,
    44.748383,
    44.624958,
    44.624958,
    44.604244,
    44.604244,
    44.555107,
    44.50539,
    44.50539,
    44.455727,
    44.388195,
    44.388195,
    44.388195,
    44.388195,
    44.388195,
    44.337391,
    44.337391,
    44.337391,
    44.329769,
    44.329769,
    44.291393,
    44.291393,
    44.287338,
    44.284069,
    44.284069,
    44.283791,
    44.188316,
    44.188316,
    44.188316,
    44.188316,
    44.188316,
    44.185944,
    44.121868,
    44.103748,
    44.09288,
    43.990669,
    43.820839,
    43.796844,
    43.796844,
    43.796844,
    43.796844,
    43.694218,
    43.694218,
    43.694218,
    43.687477,
    43.687477,
    43.680614,
    43.668762,
    43.655163,
    43.636997,
    43.633316,
    43.633316,
    43.633316,
    43.629002,
    43.629002,
    43.627911,
    43.60743,
    43.600651,
    43.600651,
    43.600651,
    43.594334,
    43.594334,
    43.594334,
    43.564877,
    43.564877,
    43.545429,
    43.508823,
    43.508823,
    43.508823,
    43.508823,
    43.508823,
    43.464748,
    43.464649,
    43.464649,
    43.449223,
    43.449223,
    43.443729,
    43.422268,
    43.422268,
    43.362682,
    43.362682,
    43.362682,
    43.362682,
    43.362682,
    43.362682,
    43.325085,
    43.325085,
    43.271687,
    43.271687,
    43.271687,
    43.187801,
