{
  "timestamp": "2026-05-11T22:01:39.352248",
  "config": {
    "population_size": 30,
    "max_generations": 1000,
    "xo_prob": 0.8,
    "mut_prob": 0.05,
    "elitesize": 2,
    "tournament_size": 3,
    "crossover_type": "uniform",
    "mutation_type": "random",
    "maximization": false,
    "save_image_every_n_gens": 100,
    "seed": 1,
    "algorithm": "GA"
  },
  "runtime_seconds": 101.18,
  "final_fitness": 39.334686,
  "fitness_history": [
    79.456795,
    77.396828,
    74.736374,
    74.736374,
    72.520996,
    71.298935,
    69.578178,
    69.578178,
    68.881142,
    68.303757,
    68.303757,
    68.252655,
    68.083023,
    67.914207,
    67.443848,
    67.221001,
    66.946381,
    66.697754,
    65.920525,
    65.920525,
    63.784672,
    63.597458,
    63.053642,
    62.13385,
    61.87516,
    61.031544,
    60.874516,
    60.874516,
    60.874516,
    60.438782,
    60.143799,
    59.349545,
    59.349545,
    59.33353,
    59.295353,
    59.134472,
    59.02087,
    58.923317,
    58.923317,
    58.788837,
    58.788837,
    57.788284,
    57.788284,
    57.788284,
    57.51569,
    57.51569,
    57.440826,
    57.359287,
    57.102589,
    57.08934,
    56.911064,
    56.84103,
    56.779739,
    56.778397,
    56.749508,
    56.749508,
    56.688816,
    56.657402,
    56.505867,
    56.505867,
    56.22094,
    56.148083,
    56.148083,
    56.010658,
    56.010658,
    55.892593,
    55.892593,
    55.892593,
    55.870491,
    55.839451,
    55.81609,
    55.431065,
    55.431065,
    55.422951,
    55.208405,
    55.208405,
    55.204319,
    55.204319,
    55.108444,
    54.974209,
    54.974209,
    54.848919,
    54.848919,
    54.835575,
    54.777935,
    54.777935,
    54.61055,
    54.61055,
    54.61055,
    54.599453,
    54.599453,
    54.577682,
    54.520817,
    54.25354,
    54.152565,
    54.152565,
    54.107399,
    54.050083,
    54.050083,
    53.950218,
    53.936607,
    53.847687,
    53.69511,
    53.54303,
    53.509701,
    53.3946,
    53.378857,
    53.333099,
    53.277187,
    53.19289,
    53.19289,
    53.122593,
    53.108929,
    53.085438,
    53.046165,
    53.046165,
    52.9911,
    52.933598,
    52.933598,
    52.908741,
    52.87421,
    52.832001,
    52.691154,
    52.691154,
    52.691154,
    52.317184,
    52.317184,
    52.317184,
    52.317184,
    52.186401,
    52.127403,
    52.056889,
    51.910839,
    51.645035,
    51.645035,
    51.551327,
    51.551327,
    51.551327,
    51.413437,
    51.28986,
    51.28986,
    51.233669,
    51.058918,
    50.894764,
    50.742237,
    50.742237,
    50.658092,
    50.610462,
    50.610462,
    50.610462,
    50.510437,
    50.510437,
    50.510437,
    50.510437,
    50.486572,
    50.037788,
    50.028149,
    49.961124,
    49.860924,
    49.786621,
    49.51609,
    49.488201,
    49.488201,
    49.488201,
    49.360729,
    49.268726,
    49.225163,
    49.221024,
    49.191208,
    49.165684,
    49.165684,
    49.165379,
    49.039169,
    49.039169,
    49.021084,
    49.021084,
    48.969093,
    48.935535,
    48.470177,
    48.470177,
    48.470177,
    48.470177,
    48.45974,
    48.438812,
    48.425426,
    48.399368,
    48.399368,
    48.38995,
    48.231392,
    48.231392,
    48.226025,
    48.083462,
    48.083462,
    48.083462,
    48.060287,
    48.060287,
    48.021694,
    47.898563,
    47.857731,
    47.829926,
    47.829926,
    47.797001,
    47.74884,
    47.74884,
    47.74884,
    47.74884,
    47.746891,
    47.682522,
    47.682522,
    47.65789,
    47.65789,
    47.65789,
    47.65789,
    47.647285,
    47.552219,
    47.552219,
    47.551945,
    47.475754,
    47.440495,
    47.42535,
    47.419914,
    47.401222,
    47.401222,
    47.377964,
    47.377964,
    47.377964,
    47.377964,
    47.371246,
    47.300449,
    47.244762,
    47.234787,
    47.211521,
    47.168468,
    47.168468,
    47.060032,
    47.060032,
    47.04467,
    47.04467,
    47.04467,
    47.011822,
    46.971848,
    46.95145,
    46.880707,
    46.830025,
    46.830025,
    46.830025,
    46.76701,
    46.76701,
    46.76701,
    46.708797,
    46.708797,
    46.705959,
    46.705959,
    46.672005,
    46.623211,
    46.623211,
    46.612995,
    46.612995,
    46.535065,
    46.535065,
    46.476204,
    46.45153,
    46.419373,
    46.3311,
    46.296768,
    46.242275,
    46.242275,
    46.167397,
    46.14484,
    46.14484,
    46.06765,
    46.06765,
    46.056499,
    45.852753,
    45.715401,
    45.667862,
    45.667862,
    45.666325,
    45.666325,
    45.623459,
    45.58506,
    45.58506,
    45.551292,
    45.489857,
    45.489857,
    45.489857,
    45.489857,
    45.489857,
    45.489857,
    45.486614,
    45.486614,
    45.486614,
    45.486614,
    45.433498,
    45.419319,
    45.404438,
    45.383427,
    45.371952,
    45.328579,
    45.328579,
    45.328579,
    45.328579,
    45.328579,
    45.310211,
    45.310211,
    45.268085,
    45.213852,
    45.213852,
    45.213852,
    45.209629,
    45.199799,
    45.199799,
    45.199799,
    45.199799,
    45.189819,
    45.160645,
    45.130024,
    45.09877,
    45.09877,
    45.09877,
    45.070408,
    45.070408,
    45.045807,
    45.045807,
    45.045807,
    45.045807,
    45.032158,
    45.032158,
    45.032158,
    45.004108,
    45.004108,
    44.983017,
    44.942352,
    44.941406,
    44.941406,
    44.941406,
    44.929249,
    44.860138,
    44.860138,
    44.82444,
    44.82444,
    44.82444,
    44.766495,
    44.766495,
    44.766495,
    44.725746,
    44.721928,
    44.710121,
    44.685585,
    44.676769,
    44.675762,
    44.675762,
    44.660156,
    44.653835,
    44.646736,
    44.625759,
    44.61422,
    44.603115,
    44.597023,
    44.597023,
    44.593189,
    44.59008,
    44.563293,
    44.563293,
    44.563293,
    44.563293,
    44.528934,
    44.528934,
    44.523285,
    44.515724,
    44.514111,
    44.514111,
    44.514111,
    44.50943,
    44.50943,
    44.501549,
    44.501549,
    44.501549,
    44.501549,
    44.501549,
    44.493938,
    44.493938,
    44.493938,
    44.493137,
    44.493137,
    44.480312,
    44.480312,
    44.480312,
    44.480312,
    44.447353,
    44.447353,
    44.398445,
    44.392296,
    44.392296,
    44.39064,
    44.383713,
    44.375149,
    44.336418,
    44.312786,
    44.312786,
    44.312786,
    44.312786,
    44.312786,
    44.312695,
    44.312695,
    44.312695,
    44.295044,
    44.266449,
    44.257671,
    44.257671,
    44.257671,
    44.257671,
    44.202881,
    44.202881,
    44.202881,
    44.184765,
    44.184765,
    44.184765,
    44.184765,
    44.184765,
    44.176636,
    44.176636,
    44.176636,
    44.169125,
    44.132549,
    44.132549,
    44.132549,
    44.10442,
    44.10442,
    44.10442,
    43.996174,
    43.996174,
    43.974209,
    43.974209,
    43.927704,
    43.924583,
    43.924583,
    43.917469,
    43.900517,
    43.763977,
    43.763977,
    43.763977,
    43.763977,
    43.763977,
    43.71664,
    43.71664,
    43.694668,
    43.694668,
    43.644211,
    43.644211,
    43.644211,
    43.644211,
    43.644211,
    43.642574,
    43.594856,
    43.594856,
    43.594856,
    43.585331,
    43.585331,
    43.585331,
    43.585331,
    43.585331,
    43.551247,
    43.551247,
    43.535034,
    43.535034,
    43.535034,
    43.535034,
    43.535034,
    43.525154,
    43.50066,
    43.50066,
    43.50066,
    43.50066,
    43.450718,
    43.427155,
    43.427155,
    43.424736,
    43.42038,
    43.404961,
    43.404961,
    43.404961,
    43.404961,
    43.404961,
    43.404591,
    43.382965,
    43.382965,
    43.382965,
    43.382965,
    43.382965,
    43.375195,
    43.375195,
    43.375195,
    43.361622,
    43.361622,
    43.358437,
    43.353863,
    43.286037,
    43.286037,
    43.286037,
    43.286037,
    43.286037,
    43.255459,
    43.254211,
    43.254211,
    43.241192,
    43.241192,
