{
  "timestamp": "2026-05-08T14:39:50.218556",
  "config": {
    "population_size": 30,
    "max_generations": 1000,
    "xo_prob": 0.8,
    "mut_prob": 0.05,
    "elitesize": 2,
    "tournament_size": 3,
    "crossover_type": "uniform",
    "mutation_type": "random",
    "maximization": false,
    "save_image_every_n_gens": 100,
    "seed": 0,
    "algorithm": "GA"
  },
  "runtime_seconds": 100.83,
  "final_fitness": 40.47403,
  "fitness_history": [
    72.718864,
    70.714569,
    62.968288,
    62.968288,
    61.509861,
    61.509861,
    61.310688,
    61.182076,
    60.966827,
    60.79451,
    60.590538,
    60.126995,
    60.126995,
    58.656349,
    58.656349,
    58.656349,
    58.163639,
    58.022724,
    58.022724,
    58.022724,
    57.960743,
    57.960743,
    57.744141,
    57.744141,
    57.635815,
    57.635815,
    57.565479,
    57.433971,
    57.176922,
    57.086349,
    56.88205,
    56.552113,
    56.552113,
    56.552113,
    56.512531,
    56.283569,
    56.205799,
    56.174648,
    56.131294,
    56.000927,
    56.000927,
    55.879776,
    55.838478,
    55.783722,
    55.783722,
    55.555302,
    55.555302,
    55.516678,
    55.364635,
    55.364635,
    55.232101,
    55.232101,
    55.232101,
    55.131809,
    55.131809,
    55.118309,
    55.118309,
    55.067265,
    55.060921,
    55.016132,
    54.888866,
    54.888866,
    54.759472,
    54.753162,
    54.635712,
    54.5196,
    54.441551,
    54.402809,
    54.354137,
    54.291744,
    54.291744,
    54.255653,
    54.17791,
    54.13728,
    54.006771,
    53.979641,
    53.830078,
    53.742199,
    53.630421,
    53.608807,
    53.471352,
    53.471352,
    53.471352,
    53.471352,
    53.35384,
    53.278893,
    53.219639,
    53.219639,
    53.210007,
    53.165035,
    53.119495,
    53.119495,
    53.068398,
    52.950359,
    52.834167,
    52.554737,
    52.43774,
    52.258316,
    52.258316,
    52.223255,
    52.160381,
    52.066502,
    51.893555,
    51.866447,
    51.866447,
    51.713242,
    51.713242,
    51.594639,
    51.594639,
    51.594639,
    51.585751,
    51.581837,
    51.354523,
    51.330318,
    51.28566,
    51.01228,
    51.01228,
    51.01228,
    50.989605,
    50.989605,
    50.915413,
    50.915413,
    50.761272,
    50.761272,
    50.756859,
    50.744534,
    50.651562,
    50.634636,
    50.593643,
    50.593643,
    50.537804,
    50.537804,
    50.537804,
    50.523037,
    50.456108,
    50.456108,
    50.456108,
    50.45211,
    50.379768,
    50.376518,
    50.248611,
    50.17799,
    50.175781,
    50.125439,
    50.066956,
    50.005836,
    49.912476,
    49.912476,
    49.90303,
    49.90303,
    49.90303,
    49.90303,
    49.90303,
    49.877743,
    49.876202,
    49.802467,
    49.802467,
    49.802467,
    49.702572,
    49.644772,
    49.644772,
    49.644772,
    49.574211,
    49.551853,
    49.446724,
    49.446724,
    49.29327,
    49.202034,
    49.202034,
    49.202034,
    49.202034,
    49.202034,
    49.202034,
    49.202034,
    49.202034,
    49.072136,
    49.072136,
    49.065456,
    49.020241,
    49.020241,
    49.020241,
    49.020241,
    49.010895,
    49.001053,
    48.824986,
    48.809345,
    48.770004,
    48.770004,
    48.70332,
    48.70332,
    48.70332,
    48.68195,
    48.68195,
    48.646725,
    48.635303,
    48.635265,
    48.564392,
    48.564392,
    48.564392,
    48.564392,
    48.564392,
    48.564392,
    48.496727,
    48.496727,
    48.496727,
    48.496727,
    48.463715,
    48.425694,
    48.425694,
    48.411041,
    48.411041,
    48.383568,
    48.356045,
    48.356045,
    48.327148,
    48.312321,
    48.250656,
    48.250656,
    48.115753,
    48.094746,
    48.025787,
    48.025787,
    48.025787,
    47.938854,
    47.935776,
    47.869019,
    47.869019,
    47.869019,
    47.869019,
    47.822475,
    47.822475,
    47.822475,
    47.75,
    47.734528,
    47.734528,
    47.646626,
    47.646626,
    47.646626,
    47.581356,
    47.581356,
    47.563896,
    47.492779,
    47.492779,
    47.468929,
    47.468929,
    47.468929,
    47.451931,
    47.451931,
    47.439495,
    47.3755,
    47.3755,
    47.3755,
    47.3755,
    47.3755,
    47.373646,
    47.373646,
    47.312389,
    47.269611,
    47.223328,
    47.223328,
    47.223328,
    47.223328,
    47.223328,
    47.171535,
    47.038166,
    47.038166,
    46.965172,
    46.965172,
    46.908993,
    46.908993,
    46.908993,
    46.908993,
    46.777489,
    46.777489,
    46.777489,
    46.777489,
    46.777489,
    46.777489,
    46.70266,
    46.70266,
    46.632763,
    46.561794,
    46.561794,
    46.561794,
    46.51833,
    46.51833,
    46.51833,
    46.50388,
    46.469994,
    46.469994,
    46.469994,
    46.439133,
    46.439133,
    46.425461,
    46.425461,
    46.38752,
    46.38752,
    46.38752,
    46.340332,
    46.287159,
    46.245625,
    46.245625,
    46.245625,
    46.084679,
    46.084679,
    46.084679,
    46.084679,
    46.084442,
    46.029022,
    46.026997,
    46.026997,
    46.026997,
    46.026783,
    45.989571,
    45.989571,
    45.981274,
    45.969383,
    45.969383,
    45.969383,
    45.969383,
    45.918968,
    45.894459,
    45.894459,
    45.894459,
    45.894459,
    45.894459,
    45.894459,
    45.894459,
    45.880302,
    45.836353,
    45.836353,
    45.836353,
    45.836353,
    45.836353,
    45.816246,
    45.805027,
    45.801907,
    45.764511,
    45.724651,
    45.724651,
    45.724651,
    45.724651,
    45.591366,
    45.591366,
    45.591366,
    45.591366,
    45.591366,
    45.591366,
    45.591366,
    45.539452,
    45.539452,
    45.539452,
    45.511936,
    45.452045,
    45.417233,
    45.417233,
    45.335758,
    45.333374,
    45.307629,
    45.307629,
    45.307629,
    45.307629,
    45.30386,
    45.234188,
    45.229961,
    45.209003,
    45.208988,
    45.208988,
    45.181583,
    45.181332,
    45.177685,
    45.177685,
    45.094719,
    45.094719,
    45.094719,
    45.094719,
    45.076252,
    45.076252,
    45.076252,
    45.076252,
    45.076252,
    45.076252,
    45.076252,
    45.076252,
    45.076252,
    45.076252,
    45.067226,
    45.05389,
    45.05389,
    45.051609,
    45.051609,
    45.007183,
    45.007183,
    45.007183,
    45.007183,
    44.974987,
    44.974987,
    44.974987,
    44.974987,
    44.974987,
    44.974987,
    44.974987,
    44.974922,
    44.974922,
    44.818336,
    44.818336,
    44.818336,
    44.75069,
    44.75069,
    44.717899,
    44.67424,
    44.67424,
    44.67424,
    44.67424,
    44.67424,
    44.67424,
    44.67424,
    44.643791,
    44.643791,
    44.643791,
    44.643791,
    44.643791,
    44.632305,
    44.632305,
    44.588501,
    44.588383,
    44.588383,
    44.569309,
    44.501633,
    44.501633,
    44.364452,
    44.364452,
    44.360443,
    44.295364,
    44.295364,
    44.275925,
    44.214554,
    44.214554,
    44.214554,
    44.21003,
    44.205883,
    44.201466,
    44.201466,
    44.201466,
    44.198574,
    44.177082,
    44.177082,
    44.177082,
    44.177082,
    44.177082,
    44.177082,
    44.177082,
    44.177082,
    44.177082,
    44.145149,
    44.145149,
    44.145149,
    44.145149,
    44.145149,
    44.144314,
    44.144314,
    44.141445,
    44.141445,
    44.13908,
    44.13908,
    44.13908,
    44.13908,
    44.13908,
    44.129101,
    44.129101,
    44.129101,
    44.129101,
    44.055672,
    44.055672,
    44.055672,
    44.055672,
    44.048656,
    44.048656,
    44.048656,
    44.047897,
    44.047897,
    44.047897,
    44.033009,
    44.033009,
    44.033009,
    44.00425,
    44.00425,
    44.00425,
    44.00425,
    43.949909,
    43.949909,
    43.917316,
    43.917316,
    43.917316,
    43.917316,
    43.909302,
    43.909302,
    43.809956,
    43.809956,
    43.809956,
    43.809956,
    43.809956,
    43.809956,
    43.639946,
    43.639946,
    43.639946,
    43.627281,
