{
  "timestamp": "2026-05-11T20:20:28.363428",
  "config": {
    "population_size": 30,
    "max_generations": 1000,
    "xo_prob": 0.7,
    "mut_prob": 0.05,
    "elitesize": 2,
    "tournament_size": 3,
    "crossover_type": "uniform",
    "mutation_type": "random",
    "maximization": false,
    "save_image_every_n_gens": 100
  },
  "runtime_seconds": 104.41,
  "final_fitness": 36.334637,
  "fitness_history": [
    78.61998,
    78.325943,
    77.605103,
    74.514496,
    72.480362,
    71.653976,
    71.653976,
    70.480331,
    69.768608,
    69.078262,
    69.078262,
    67.806938,
    67.67794,
    66.650345,
    66.358704,
    65.825928,
    65.706169,
    65.706169,
    65.449631,
    65.203781,
    64.508148,
    64.271805,
    63.555779,
    62.753723,
    62.753723,
    62.651142,
    62.651142,
    62.416592,
    62.268723,
    60.722157,
    60.623787,
    60.295856,
    59.933758,
    59.60862,
    59.60862,
    59.535778,
    59.234272,
    59.234272,
    58.997322,
    58.600983,
    58.600376,
    58.347881,
    58.279255,
    57.967266,
    57.7341,
    57.496639,
    57.247364,
    57.24411,
    57.042164,
    56.884205,
    56.884205,
    56.485783,
    56.447697,
    56.422306,
    56.2696,
    56.256535,
    56.178406,
    55.920834,
    55.60722,
    55.549282,
    55.29353,
    55.194736,
    55.166534,
    55.166534,
    54.708447,
    54.708447,
    54.700245,
    54.700245,
    54.594067,
    54.594067,
    54.431042,
    54.418743,
    54.259987,
    54.259987,
    53.607784,
    53.53492,
    53.503368,
    53.503368,
    53.393547,
    53.393547,
    53.393547,
    53.383945,
    53.383945,
    53.131931,
    53.099533,
    53.075527,
    52.874268,
    52.873486,
    52.863274,
    52.786411,
    52.786411,
    52.586803,
    52.586803,
    52.586803,
    52.586803,
    52.586803,
    52.170757,
    52.093704,
    52.093704,
    51.963825,
    51.769661,
    51.676552,
    51.585968,
    51.585968,
    51.585968,
    51.571888,
    51.199574,
    51.199017,
    51.178879,
    51.072102,
    51.072102,
    50.781181,
    50.781181,
    50.781181,
    50.777321,
    50.755291,
    50.746128,
    50.723248,
    50.633183,
    50.601238,
    50.601238,
    50.593197,
    50.499699,
    50.330078,
    50.330078,
    50.330078,
    50.330078,
    50.279335,
    50.272038,
    50.272038,
    50.092842,
    50.092842,
    49.952175,
    49.952175,
    49.952087,
    49.887344,
    49.805634,
    49.739067,
    49.726662,
    49.602806,
    49.506344,
    49.506344,
    49.506344,
    49.469994,
    49.469994,
    49.469994,
    49.469994,
    49.469994,
    49.469994,
    49.19809,
    49.19809,
    49.19809,
    49.19809,
    49.122353,
    49.100254,
    49.100254,
    49.100254,
    49.078049,
    49.078049,
    49.039169,
    48.842155,
    48.842155,
    48.782932,
    48.782932,
    48.782932,
    48.701843,
    48.701843,
    48.687534,
    48.681351,
    48.623726,
    48.623726,
    48.53273,
    48.53273,
    48.53273,
    48.4501,
    48.349709,
    48.349709,
    48.349609,
    48.331638,
    48.27742,
    48.19096,
    48.107796,
    48.107796,
    47.922596,
    47.922596,
    47.74305,
    47.74305,
    47.660942,
    47.657352,
    47.61549,
    47.61549,
    47.61377,
    47.554237,
    47.512882,
    47.512882,
    47.486912,
    47.480267,
    47.300537,
    47.300537,
    47.099297,
    47.097183,
    47.01646,
    46.864826,
    46.864826,
    46.811039,
    46.811039,
    46.811039,
    46.769508,
    46.769508,
    46.626453,
    46.616585,
    46.616585,
    46.462021,
    46.462021,
    46.435726,
    46.404739,
    46.404739,
    46.383144,
    46.361671,
    46.354721,
    46.354721,
    46.354721,
    46.354721,
    46.329483,
    46.282413,
    46.179653,
    46.179653,
    46.179653,
    45.954739,
    45.954605,
    45.912804,
    45.854149,
    45.737282,
    45.69886,
    45.632957,
    45.621681,
    45.621681,
    45.584717,
    45.584717,
    45.54044,
    45.54044,
    45.54044,
    45.54044,
    45.499779,
    45.499779,
    45.499779,
    45.43924,
    45.406609,
    45.375,
    45.086266,
    45.086266,
    45.086266,
    44.985924,
    44.985924,
    44.985924,
    44.985924,
    44.87891,
    44.87891,
    44.87891,
    44.871387,
    44.849934,
    44.849934,
    44.849934,
    44.849934,
    44.819023,
    44.819023,
    44.819023,
    44.784695,
    44.756332,
    44.745609,
    44.625023,
    44.601498,
    44.587826,
    44.577351,
    44.571533,
    44.56176,
    44.547974,
    44.53212,
    44.53212,
    44.469452,
    44.469002,
    44.427467,
    44.427467,
    44.427467,
    44.418018,
    44.374878,
    44.374878,
    44.374878,
    44.303394,
    44.303394,
    44.303394,
    44.303394,
    44.303394,
    44.138763,
    44.138763,
    44.102856,
    44.102856,
    44.073662,
    44.02483,
    44.02483,
    44.022396,
    44.022396,
    44.010777,
    44.010777,
    44.010777,
    44.00489,
    44.00489,
    43.96397,
    43.937515,
    43.937515,
    43.937405,
    43.937405,
    43.937405,
    43.893108,
    43.893108,
    43.893108,
    43.893108,
    43.780319,
    43.780148,
    43.778404,
    43.769424,
    43.708084,
    43.708084,
    43.658672,
    43.658672,
    43.658672,
    43.650703,
    43.638397,
    43.621696,
    43.621696,
    43.607906,
    43.584488,
    43.584488,
    43.561657,
    43.550495,
    43.550373,
    43.292366,
    43.281429,
    43.281429,
    43.281429,
    43.265388,
    43.265388,
    43.194069,
    43.160023,
    43.159924,
    42.979488,
    42.979488,
    42.957535,
    42.885643,
    42.885643,
    42.885643,
    42.87756,
    42.87756,
    42.87756,
    42.855598,
    42.840446,
    42.82373,
    42.82373,
    42.706535,
    42.706535,
    42.684891,
    42.684891,
    42.641384,
    42.568844,
    42.568844,
    42.568844,
    42.506081,
    42.451851,
    42.312244,
    42.312244,
    42.312244,
    42.249809,
    42.249809,
    42.249809,
    42.249809,
    42.199997,
    42.198734,
    42.190548,
    42.179798,
    42.179798,
    42.179798,
    42.177315,
    42.003624,
    42.003624,
    42.003624,
    41.955349,
    41.952084,
    41.929401,
    41.929401,
    41.928162,
    41.928162,
    41.928162,
    41.928162,
    41.655872,
    41.655872,
    41.642262,
    41.642262,
    41.642262,
    41.625874,
    41.623169,
    41.577793,
    41.556446,
    41.556446,
    41.528587,
    41.528587,
    41.528587,
    41.513798,
    41.427517,
    41.427517,
    41.427517,
    41.384907,
    41.330734,
    41.330734,
    41.330734,
    41.330734,
    41.327106,
    41.327106,
    41.327106,
    41.327106,
    41.270756,
    41.265759,
    41.260612,
    41.260075,
    41.260075,
    41.210712,
    41.125282,
    41.125282,
    41.125282,
    41.089123,
    41.089123,
    41.089123,
    41.089123,
    41.089123,
    41.083202,
    41.070957,
    41.064762,
    41.060291,
    40.956913,
    40.956913,
    40.956913,
    40.956913,
    40.881062,
    40.881062,
    40.872704,
    40.758266,
    40.757908,
    40.739521,
    40.739521,
    40.73513,
    40.73513,
    40.73513,
    40.73513,
    40.669884,
    40.642017,
    40.567005,
    40.567005,
    40.567005,
    40.567005,
    40.567005,
    40.567005,
    40.5201,
    40.5201,
    40.5201,
    40.5201,
    40.5201,
    40.37059,
    40.37059,
    40.358894,
    40.358894,
    40.319366,
    40.312084,
    40.312084,
    40.312084,
    40.284512,
    40.279842,
    40.267044,
    40.267044,
    40.267044,
    40.17638,
    40.170788,
    40.090397,
    40.090397,
    40.090397,
    40.090397,
    40.072994,
    40.053425,
    40.053425,
    40.053425,
    40.023678,
    39.995003,
    39.995003,
    39.995003,
    39.995003,
    39.974274,
    39.972069,
    39.972069,
    39.966839,
    39.966839,
    39.949158,
    39.925392,
    39.925392,
    39.925392,
    39.908089,
    39.908089,
    39.902851,
    39.902851,
    39.900948,
    39.900948,
    39.900948,
    39.888115,
