{
  "timestamp": "2026-05-11T22:11:28.084103",
  "config": {
    "population_size": 30,
    "max_generations": 1000,
    "xo_prob": 0.8,
    "mut_prob": 0.05,
    "elitesize": 2,
    "tournament_size": 3,
    "crossover_type": "uniform",
    "mutation_type": "random",
    "maximization": false,
    "save_image_every_n_gens": 100,
    "seed": 4,
    "algorithm": "GA"
  },
  "runtime_seconds": 96.57,
  "final_fitness": 38.432987,
  "fitness_history": [
    76.484474,
    74.109154,
    66.383026,
    66.243767,
    65.144386,
    64.246674,
    64.246674,
    63.884624,
    63.499264,
    63.241211,
    62.816624,
    62.688671,
    62.674843,
    62.271702,
    61.199333,
    61.199333,
    60.7183,
    60.514992,
    60.459576,
    60.121742,
    59.747391,
    59.475937,
    59.374161,
    59.166016,
    59.010056,
    58.887619,
    58.887619,
    58.792103,
    58.701866,
    58.633244,
    58.561405,
    58.31831,
    58.316776,
    57.860813,
    57.620071,
    56.747974,
    56.632057,
    56.547359,
    56.519005,
    56.449715,
    55.644749,
    55.64225,
    55.64225,
    55.156036,
    55.063755,
    55.063755,
    55.062763,
    55.003788,
    54.983147,
    54.958687,
    54.88596,
    54.801441,
    54.721409,
    54.720428,
    54.212727,
    54.211681,
    54.211681,
    54.205063,
    54.1376,
    54.1376,
    54.086147,
    54.086147,
    54.086147,
    53.795437,
    53.795437,
    53.684536,
    53.661808,
    53.613705,
    53.540428,
    53.454403,
    53.312656,
    53.295349,
    53.046837,
    53.045685,
    52.900661,
    52.889194,
    52.858757,
    52.858757,
    52.858757,
    52.858757,
    52.831406,
    52.831406,
    52.766373,
    52.723465,
    52.670456,
    52.670456,
    52.620289,
    52.562801,
    52.534813,
    52.416927,
    52.415367,
    52.40181,
    52.292561,
    52.223602,
    52.223602,
    52.204609,
    52.094482,
    52.094482,
    51.995834,
    51.995834,
    51.919548,
    51.919548,
    51.919548,
    51.84013,
    51.84013,
    51.777565,
    51.675304,
    51.632591,
    51.515842,
    51.515842,
    51.479034,
    51.479034,
    51.443829,
    51.423134,
    51.422935,
    51.391647,
    51.298847,
    51.298847,
    51.271439,
    51.179108,
    51.179108,
    51.073135,
    51.073135,
    51.03413,
    50.965302,
    50.965302,
    50.639618,
    50.627106,
    50.613419,
    50.613419,
    50.574993,
    50.574993,
    50.574993,
    50.574993,
    50.574993,
    50.574993,
    50.574993,
    50.554802,
    50.516964,
    50.458809,
    50.458809,
    50.432713,
    50.349838,
    50.292213,
    50.292213,
    50.292213,
    50.267933,
    50.218498,
    50.177742,
    50.115742,
    50.113178,
    50.023098,
    50.023098,
    50.002262,
    49.904625,
    49.856007,
    49.830292,
    49.830292,
    49.830292,
    49.830292,
    49.801239,
    49.801239,
    49.789986,
    49.789028,
    49.727825,
    49.727825,
    49.726067,
    49.697632,
    49.697632,
    49.660854,
    49.660854,
    49.660854,
    49.660854,
    49.660854,
    49.655697,
    49.655697,
    49.582447,
    49.582447,
    49.582447,
    49.563469,
    49.563469,
    49.512653,
    49.470844,
    49.470844,
    49.469299,
    49.464268,
    49.438789,
    49.330791,
    49.292831,
    49.292831,
    49.290833,
    49.255775,
    49.161774,
    49.084839,
    49.084839,
    49.08482,
    48.930424,
    48.906269,
    48.906269,
    48.87056,
    48.87056,
    48.87056,
    48.77911,
    48.77911,
    48.77911,
    48.746449,
    48.746449,
    48.746449,
    48.746449,
    48.746449,
    48.746449,
    48.746449,
    48.746449,
    48.746449,
    48.725807,
    48.725807,
    48.611435,
    48.611435,
    48.611435,
    48.610893,
    48.528599,
    48.415054,
    48.415054,
    48.415054,
    48.415054,
    48.415054,
    48.415054,
    48.415054,
    48.415054,
    48.411385,
    48.411385,
    48.396179,
    48.370495,
    48.370495,
    48.370495,
    48.370495,
    48.370495,
    48.370495,
    48.340317,
    48.270252,
    48.270252,
    48.270252,
    48.185337,
    48.139256,
    48.128235,
    48.083263,
    48.083263,
    47.943829,
    47.943829,
    47.889774,
    47.889774,
    47.889774,
    47.76226,
    47.760204,
    47.756241,
    47.674442,
    47.609802,
    47.609802,
    47.609802,
    47.609802,
    47.548615,
    47.548615,
    47.548615,
    47.548615,
    47.548615,
    47.516155,
    47.464535,
    47.464535,
    47.09391,
    47.079269,
    46.923878,
    46.923878,
    46.865669,
    46.848675,
    46.848675,
    46.848675,
    46.754219,
    46.754219,
    46.754219,
    46.754219,
    46.681747,
    46.681747,
    46.681747,
    46.681747,
    46.582932,
    46.530434,
    46.530434,
    46.530434,
    46.530434,
    46.35342,
    46.35342,
    46.35141,
    46.35141,
    46.340675,
    46.33807,
    46.33807,
    46.33807,
    46.33033,
    46.33033,
    46.32795,
    46.32795,
    46.294067,
    46.294067,
    46.294067,
    46.294067,
    46.260624,
    46.260624,
    46.195404,
    46.195404,
    46.181812,
    46.175949,
    46.129688,
    46.129688,
    46.129688,
    46.129688,
    46.128044,
    46.128044,
    46.120468,
    46.10577,
    46.10577,
    46.101101,
    46.024822,
    46.019058,
    46.017128,
    46.017101,
    46.017101,
    46.002102,
    45.945419,
    45.945419,
    45.878979,
    45.820137,
    45.78754,
    45.760441,
    45.760441,
    45.760441,
    45.73912,
    45.722038,
    45.62162,
    45.62162,
    45.579334,
    45.579334,
    45.579163,
    45.488354,
    45.428001,
    45.400681,
    45.400681,
    45.396492,
    45.386799,
    45.376347,
    45.376347,
    45.376347,
    45.376347,
    45.312542,
    45.312542,
    45.312542,
    45.3069,
    45.285625,
    45.285625,
    45.285625,
    45.282001,
    45.282001,
    45.282001,
    45.259136,
    45.259136,
    45.253372,
    45.253372,
    45.251068,
    45.230354,
    45.230354,
    45.189575,
    45.180492,
    45.180492,
    45.180492,
    45.180492,
    45.180492,
    45.161079,
    45.161079,
    45.161079,
    45.161079,
    45.161079,
    45.161079,
    45.13287,
    45.13287,
    45.13287,
    45.096825,
    45.096825,
    45.096825,
    45.096825,
    45.096825,
    45.096825,
    45.096825,
    45.03957,
    45.03957,
    45.03957,
    45.03957,
    45.03957,
    45.03957,
    45.03957,
    45.03957,
    44.978336,
    44.898663,
    44.898663,
    44.898663,
    44.845757,
    44.845757,
    44.845757,
    44.845757,
    44.845757,
    44.845757,
    44.810875,
    44.810875,
    44.810875,
    44.802513,
    44.797146,
    44.749504,
    44.734089,
    44.705513,
    44.705513,
    44.705513,
    44.705513,
    44.705513,
    44.705513,
    44.7024,
    44.624077,
    44.616154,
    44.587734,
    44.585629,
    44.5476,
    44.5476,
    44.5476,
    44.5476,
    44.525093,
    44.525093,
    44.525093,
    44.474541,
    44.474541,
    44.285275,
    44.285275,
    44.285275,
    44.285275,
    44.285275,
    44.284218,
    44.269669,
    44.269669,
    44.269669,
    44.269669,
    44.269669,
    44.190411,
    44.187271,
    44.187271,
    44.187271,
    44.084606,
    44.04776,
    44.04776,
    44.04776,
    44.04776,
    44.04776,
    43.993359,
    43.993359,
    43.993359,
    43.993359,
    43.993359,
    43.993359,
    43.99258,
    43.975025,
    43.953434,
    43.953434,
    43.937706,
    43.937706,
    43.928715,
    43.928715,
    43.907177,
    43.907177,
    43.907177,
    43.907177,
    43.903854,
    43.903854,
    43.903854,
    43.889805,
    43.889805,
    43.889805,
    43.889805,
    43.889805,
    43.85936,
    43.85936,
    43.85936,
    43.85936,
    43.85936,
    43.859119,
    43.853931,
    43.853931,
    43.852047,
    43.824619,
    43.802135,
    43.802135,
    43.785919,
    43.785919,
    43.785919,
    43.784405,
    43.784405,
    43.783627,
    43.739185,
    43.739185,
    43.688774,
    43.688774,
    43.688774,
    43.652618,
