{
  "timestamp": "2026-05-08T14:14:34.553947",
  "config": {
    "population_size": 20,
    "max_generations": 1000,
    "xo_prob": 0.8,
    "mut_prob": 0.05,
    "elitesize": 2,
    "tournament_size": 3,
    "crossover_type": "uniform",
    "mutation_type": "random",
    "maximization": false,
    "save_image_every_n_gens": 100
  },
  "runtime_seconds": 72.83,
  "final_fitness": 39.153774,
  "fitness_history": [
    79.321518,
    78.892479,
    76.869392,
    74.327431,
    74.327431,
    74.277298,
    72.212898,
    72.212898,
    71.653084,
    71.571022,
    71.571022,
    71.372047,
    70.491821,
    70.491821,
    70.005409,
    70.005409,
    69.983505,
    69.742996,
    69.595146,
    69.469742,
    69.469742,
    69.26207,
    69.26207,
    69.200943,
    69.200943,
    68.912315,
    68.912315,
    68.795036,
    68.346581,
    68.157333,
    67.884331,
    67.557243,
    67.557243,
    67.231461,
    67.231461,
    67.205261,
    67.031792,
    66.863586,
    66.385498,
    66.249748,
    65.740456,
    65.470459,
    65.334801,
    65.334801,
    65.325638,
    65.160889,
    64.77478,
    64.693329,
    64.693329,
    64.185234,
    63.969769,
    63.789604,
    63.625034,
    63.625034,
    63.625034,
    63.066559,
    62.692562,
    62.692562,
    62.270149,
    62.270149,
    61.980042,
    61.969875,
    61.756531,
    61.429623,
    61.204647,
    60.187481,
    60.16235,
    60.16235,
    60.001274,
    59.987087,
    59.908833,
    59.765255,
    59.755272,
    59.755272,
    59.530483,
    59.530483,
    59.393242,
    59.10257,
    58.953285,
    58.953285,
    58.875671,
    58.8311,
    58.695465,
    58.695465,
    58.55434,
    58.530499,
    58.266979,
    58.266979,
    57.997871,
    57.997871,
    57.997871,
    57.997871,
    57.997871,
    57.910294,
    57.840134,
    57.740372,
    57.740242,
    57.730137,
    57.559814,
    57.555042,
    57.555042,
    57.551628,
    57.457905,
    57.292824,
    57.292824,
    57.292824,
    57.292824,
    57.263134,
    57.083111,
    57.041164,
    57.041164,
    56.989346,
    56.821293,
    56.67477,
    56.67477,
    56.67477,
    56.648762,
    56.638176,
    56.55534,
    56.532528,
    56.423733,
    56.423733,
    56.406334,
    56.340305,
    56.244766,
    56.244766,
    56.244766,
    56.244766,
    56.068832,
    55.965721,
    55.965721,
    55.938053,
    55.938053,
    55.726486,
    55.726486,
    55.726486,
    55.726486,
    55.726486,
    55.666267,
    55.666267,
    55.598705,
    55.58432,
    55.571903,
    55.327129,
    55.327129,
    55.208282,
    55.198318,
    55.062729,
    55.062729,
    55.059288,
    54.837135,
    54.818104,
    54.818104,
    54.616516,
    54.604885,
    54.604885,
    54.547279,
    54.500351,
    54.495499,
    54.450497,
    54.359959,
    54.359959,
    54.328266,
    54.327248,
    54.327248,
    54.07988,
    54.037975,
    54.037975,
    54.036549,
    53.974258,
    53.974258,
    53.919319,
    53.917446,
    53.819462,
    53.819462,
    53.759701,
    53.748093,
    53.671875,
    53.671875,
    53.656765,
    53.509861,
    53.450562,
    53.060341,
    53.060341,
    52.727886,
    52.727886,
    52.719219,
    52.654812,
    52.654812,
    52.654812,
    52.654812,
    52.654812,
    52.55024,
    52.504417,
    52.364048,
    52.332191,
    52.229393,
    52.158142,
    52.107124,
    52.020508,
    52.020508,
    52.007328,
    51.920357,
    51.719299,
    51.684383,
    51.580971,
    51.52285,
    51.389408,
    51.389408,
    51.36306,
    51.355835,
    51.137615,
    51.137615,
    51.137615,
    50.952896,
    50.952896,
    50.952896,
    50.952896,
    50.939728,
    50.939728,
    50.930157,
    50.911507,
    50.911507,
    50.896591,
    50.795567,
    50.793591,
    50.598827,
    50.598827,
    50.503574,
    50.470486,
    50.463089,
    50.463089,
    50.461197,
    50.461197,
    50.461033,
    50.313202,
    50.313202,
    50.313202,
    50.313202,
    50.313202,
    50.226612,
    50.226612,
    50.212097,
    50.142982,
    50.142982,
    50.086594,
    49.945721,
    49.914593,
    49.914593,
    49.837299,
    49.837299,
    49.837299,
    49.834866,
    49.709576,
    49.709576,
    49.709576,
    49.681984,
    49.681984,
    49.678467,
    49.652069,
    49.652069,
    49.26778,
    49.186356,
    49.186035,
    49.125896,
    49.06208,
    49.00005,
    48.930573,
    48.930573,
    48.930573,
    48.877319,
    48.877319,
    48.877319,
    48.877319,
    48.873463,
    48.873463,
    48.815254,
    48.774273,
    48.774273,
    48.742584,
    48.737171,
    48.737171,
    48.552135,
    48.478962,
    48.478962,
    48.478962,
    48.478962,
    48.434978,
    48.434978,
    48.32563,
    48.255375,
    48.255375,
    48.255375,
    48.186512,
    48.186512,
    48.153023,
    48.153023,
    48.057274,
    48.057274,
    48.040707,
    48.040707,
    48.040707,
    47.949883,
    47.949883,
    47.949883,
    47.949883,
    47.935493,
    47.935493,
    47.935493,
    47.935493,
    47.935493,
    47.898571,
    47.898571,
    47.898571,
    47.898571,
    47.854568,
    47.831059,
    47.799412,
    47.799412,
    47.799412,
    47.799412,
    47.799412,
    47.799412,
    47.799412,
    47.795177,
    47.795177,
    47.768295,
    47.768295,
    47.734264,
    47.696228,
    47.657211,
    47.65662,
    47.633602,
    47.615768,
    47.615768,
    47.615768,
    47.510754,
    47.510754,
    47.5033,
    47.5033,
    47.445194,
    47.445194,
    47.41045,
    47.122387,
    47.122387,
    47.090172,
    47.080006,
    47.080006,
    47.049515,
    46.942574,
    46.942574,
    46.93169,
    46.93169,
    46.924927,
    46.887619,
    46.838135,
    46.761402,
    46.728378,
    46.654438,
    46.654438,
    46.654438,
    46.572128,
    46.572128,
    46.572128,
    46.572128,
    46.559429,
    46.504448,
    46.504448,
    46.429993,
    46.390137,
    46.390137,
    46.390137,
    46.390137,
    46.388889,
    46.344807,
    46.344807,
    46.238083,
    46.238083,
    46.238083,
    46.238083,
    46.197216,
    46.19355,
    46.19355,
    46.19355,
    46.18631,
    46.16626,
    46.16626,
    46.135281,
    46.130749,
    46.014915,
    46.014915,
    45.91288,
    45.91288,
    45.830944,
    45.830944,
    45.830944,
    45.805107,
    45.779491,
    45.779491,
    45.779488,
    45.779488,
    45.779102,
    45.672203,
    45.672203,
    45.672203,
    45.672203,
    45.625679,
    45.605881,
    45.605881,
    45.585007,
    45.585007,
    45.558926,
    45.474529,
    45.456451,
    45.384476,
    45.384476,
    45.384476,
    45.384476,
    45.384476,
    45.336964,
    45.336964,
    45.307621,
    45.307621,
    45.289581,
    45.289581,
    45.202084,
    45.202084,
    45.032055,
    44.992657,
    44.992657,
    44.992657,
    44.992657,
    44.992657,
    44.992657,
    44.988777,
    44.988777,
    44.988777,
    44.958115,
    44.958115,
    44.958115,
    44.932568,
    44.932568,
    44.932568,
    44.908321,
    44.907028,
    44.886509,
    44.886509,
    44.879791,
    44.879791,
    44.823132,
    44.823132,
    44.758308,
    44.736324,
    44.684818,
    44.557121,
    44.557121,
    44.538895,
    44.510326,
    44.459274,
    44.459274,
    44.459274,
    44.459274,
    44.459274,
    44.459274,
    44.417545,
    44.145126,
    44.145126,
    44.145126,
    44.145126,
    44.145126,
    44.145126,
    44.075092,
    44.075092,
    44.075092,
    44.019333,
    44.019333,
    43.980732,
    43.980732,
    43.980732,
    43.965714,
    43.965714,
    43.965714,
    43.965714,
    43.954525,
    43.769787,
    43.769588,
    43.713272,
    43.713272,
    43.713272,
    43.713272,
    43.713272,
    43.713272,
    43.699577,
    43.605053,
    43.605053,
    43.605053,
    43.605053,
    43.60466,
    43.540817,
    43.540817,
    43.48613,
    43.444824,
    43.444824,
    43.417316,
    43.417316,
    43.417316,
    43.241943,
    43.241943,
