{
  "timestamp": "2026-05-11T00:21:24.851226",
  "config": {
    "population_size": 30,
    "max_generations": 1000,
    "xo_prob": 0.8,
    "mut_prob": 0.05,
    "elitesize": 2,
    "tournament_size": 3,
    "crossover_type": "uniform",
    "mutation_type": "random",
    "maximization": false,
    "save_image_every_n_gens": 100
  },
  "runtime_seconds": 100.78,
  "final_fitness": 38.307995,
  "fitness_history": [
    76.50547,
    75.476143,
    75.476143,
    73.323555,
    73.323555,
    71.665398,
    70.942703,
    70.44648,
    70.16217,
    69.347221,
    68.985222,
    67.694756,
    67.326744,
    67.326744,
    67.318375,
    67.267647,
    67.267647,
    66.642891,
    66.642891,
    66.436783,
    66.284767,
    65.170433,
    65.170433,
    65.050613,
    64.851906,
    64.851906,
    64.591011,
    63.64806,
    63.544052,
    63.392197,
    63.389896,
    63.326946,
    63.326946,
    62.932735,
    62.48888,
    62.48888,
    62.414581,
    61.956543,
    61.932003,
    61.826233,
    61.804485,
    61.478924,
    61.444962,
    61.362247,
    61.283257,
    61.283257,
    61.265274,
    61.232136,
    60.816799,
    60.816799,
    60.714115,
    60.171867,
    60.086044,
    60.055798,
    59.943703,
    59.943703,
    59.943703,
    59.943703,
    59.767208,
    59.767208,
    59.632957,
    59.632957,
    59.291199,
    59.291199,
    58.589386,
    58.473778,
    57.948784,
    57.948784,
    57.948784,
    57.922455,
    57.089737,
    57.089737,
    57.089737,
    56.929688,
    56.91468,
    56.8927,
    56.728344,
    56.728344,
    56.59127,
    56.274845,
    56.274845,
    56.274845,
    56.216007,
    56.178959,
    55.93631,
    55.444164,
    55.444164,
    55.36187,
    55.36187,
    55.36187,
    55.328533,
    55.297935,
    55.176136,
    55.176052,
    54.708237,
    54.708237,
    54.708237,
    54.606049,
    54.606049,
    54.591351,
    54.563076,
    54.456047,
    54.381889,
    54.381889,
    54.274456,
    54.237362,
    54.045929,
    54.045929,
    53.986591,
    53.986591,
    53.952026,
    53.699184,
    53.699184,
    53.594212,
    53.594212,
    53.594212,
    53.34911,
    53.34911,
    53.34911,
    53.34911,
    53.172062,
    53.153599,
    52.992638,
    52.992638,
    52.992638,
    52.894333,
    52.865021,
    52.821297,
    52.599094,
    52.599094,
    52.521465,
    52.521465,
    52.521465,
    52.521465,
    52.36087,
    52.311787,
    52.311787,
    52.296738,
    52.296738,
    52.26553,
    52.208126,
    52.208126,
    52.145874,
    52.047001,
    52.025818,
    51.289642,
    51.289642,
    51.289642,
    51.289642,
    51.289642,
    51.162987,
    51.052631,
    51.052631,
    51.052631,
    51.052631,
    51.041733,
    50.93948,
    50.939346,
    50.884327,
    50.884327,
    50.845264,
    50.836651,
    50.787544,
    49.638363,
    49.638363,
    49.638363,
    49.636547,
    49.414375,
    49.414375,
    49.414375,
    49.40324,
    49.40324,
    49.40324,
    49.216942,
    49.198769,
    49.187721,
    49.161278,
    49.068382,
    49.056652,
    48.961365,
    48.961365,
    48.915928,
    48.915928,
    48.915928,
    48.881145,
    48.881145,
    48.881145,
    48.881145,
    48.881145,
    48.796299,
    48.796299,
    48.777588,
    48.659977,
    48.659977,
    48.659977,
    48.658062,
    48.658062,
    48.658062,
    48.604668,
    48.483719,
    48.483719,
    48.483719,
    48.428318,
    48.291027,
    48.291027,
    48.291027,
    48.291027,
    48.250088,
    48.1693,
    48.055874,
    48.055874,
    48.055874,
    47.889687,
    47.889687,
    47.889687,
    47.889687,
    47.669548,
    47.669548,
    47.669548,
    47.669548,
    47.565517,
    47.565517,
    47.54385,
    47.535637,
    47.535637,
    47.463711,
    47.463711,
    47.437141,
    47.134968,
    47.125381,
    47.125381,
    47.125381,
    47.096283,
    47.096283,
    47.083019,
    47.083019,
    47.083019,
    46.95541,
    46.95541,
    46.95541,
    46.95541,
    46.676033,
    46.676033,
    46.676033,
    46.676033,
    46.676033,
    46.50576,
    46.434158,
    46.434158,
    46.434158,
    46.401951,
    46.356735,
    46.356735,
    46.356735,
    46.356735,
    46.352501,
    46.277664,
    46.277664,
    46.277664,
    46.240891,
    46.226452,
    46.223358,
    46.223358,
    46.223358,
    46.177582,
    46.177582,
    46.177582,
    46.177582,
    46.175808,
    46.159573,
    46.159573,
    46.136299,
    46.136299,
    46.100323,
    46.06295,
    46.06295,
    45.988449,
    45.92662,
    45.92662,
    45.92662,
    45.92662,
    45.922783,
    45.922783,
    45.921597,
    45.921597,
    45.813469,
    45.712444,
    45.601223,
    45.601223,
    45.601223,
    45.601223,
    45.601223,
    45.576027,
    45.576027,
    45.576027,
    45.541809,
    45.541809,
    45.517128,
    45.498817,
    45.498817,
    45.40551,
    45.356365,
    45.355896,
    45.355896,
    45.319923,
    45.181015,
    45.181015,
    45.181015,
    45.181015,
    45.181015,
    45.163036,
    45.163036,
    45.163036,
    45.035172,
    45.034637,
    44.975674,
    44.975674,
    44.97567,
    44.97567,
    44.975567,
    44.96291,
    44.95491,
    44.923843,
    44.923843,
    44.887642,
    44.887642,
    44.809093,
    44.809093,
    44.809093,
    44.72316,
    44.72316,
    44.70945,
    44.70945,
    44.70945,
    44.662754,
    44.662754,
    44.662754,
    44.646847,
    44.644047,
    44.641838,
    44.60989,
    44.60989,
    44.60989,
    44.594917,
    44.594917,
    44.594917,
    44.572006,
    44.518852,
    44.518852,
    44.467892,
    44.467892,
    44.467892,
    44.467892,
    44.467892,
    44.451038,
    44.451038,
    44.451038,
    44.413879,
    44.312183,
    44.312183,
    44.307568,
    44.297657,
    44.294586,
    44.294151,
    44.294151,
    44.294151,
    44.247196,
    44.247196,
    44.230869,
    44.230869,
    44.230869,
    44.230869,
    44.154594,
    44.149506,
    44.149506,
    44.141068,
    44.141068,
    44.127956,
    44.055428,
    44.055428,
    44.025768,
    43.960991,
    43.910721,
    43.90601,
    43.903671,
    43.892696,
    43.892696,
    43.892696,
    43.891727,
    43.881966,
    43.881966,
    43.879131,
    43.879131,
    43.743629,
    43.743629,
    43.743629,
    43.7211,
    43.7211,
    43.7211,
    43.7211,
    43.7211,
    43.706249,
    43.706249,
    43.706249,
    43.706249,
    43.706249,
    43.660446,
    43.660446,
    43.660446,
    43.660343,
    43.660343,
    43.601875,
    43.601875,
    43.601875,
    43.601875,
    43.601875,
    43.601875,
    43.585278,
    43.560413,
    43.495243,
    43.415367,
    43.415367,
    43.413376,
    43.412693,
    43.409588,
    43.409588,
    43.317066,
    43.317066,
    43.317066,
    43.317066,
    43.317066,
    43.305973,
    43.305973,
    43.305973,
    43.305973,
    43.305973,
    43.305973,
    43.269897,
    43.269897,
    43.269897,
    43.269897,
    43.269897,
    43.269897,
    43.269897,
    43.246532,
    43.246532,
    43.246532,
    43.246532,
    43.246532,
    43.246532,
    43.246532,
    43.246532,
    43.218739,
    43.218739,
    43.218739,
    43.218739,
    43.21209,
    43.21209,
    43.13126,
    43.13126,
    43.13126,
    43.13126,
    43.052868,
    43.052868,
    43.052868,
    43.046566,
    43.038231,
    42.987919,
    42.987919,
    42.987919,
    42.987919,
    42.973701,
    42.962082,
    42.962082,
    42.956963,
    42.936436,
    42.929344,
    42.912956,
    42.840862,
    42.840172,
    42.836388,
    42.836388,
    42.836388,
    42.778938,
    42.778938,
    42.778938,
    42.766571,
    42.761921,
    42.702721,
    42.702721,
    42.702721,
    42.696358,
    42.696358,
    42.696358,
    42.696358,
    42.608784,
    42.608784,
    42.608784,
    42.602772,
    42.597725,
    42.597725,
    42.567657,
    42.567657,
    42.548065,
    42.548065,
    42.545982,
    42.545982,
    42.545982,
    42.532623,
    42.532623,
