{
  "timestamp": "2026-05-08T14:17:28.677790",
  "config": {
    "population_size": 50,
    "max_generations": 1000,
    "xo_prob": 0.8,
    "mut_prob": 0.05,
    "elitesize": 2,
    "tournament_size": 3,
    "crossover_type": "uniform",
    "mutation_type": "random",
    "maximization": false,
    "save_image_every_n_gens": 100
  },
  "runtime_seconds": 174.1,
  "final_fitness": 37.607235,
  "fitness_history": [
    70.192291,
    70.192291,
    69.447578,
    66.504967,
    65.232323,
    65.232323,
    63.916046,
    62.666592,
    62.376995,
    62.075508,
    62.070225,
    60.698486,
    60.180252,
    59.873447,
    59.355537,
    58.857986,
    57.705147,
    57.705147,
    57.702393,
    57.328346,
    57.13586,
    57.023972,
    56.548706,
    56.548706,
    56.548706,
    56.546337,
    56.546337,
    56.358009,
    56.304455,
    56.304455,
    55.777794,
    55.664928,
    55.664928,
    55.664928,
    55.141846,
    55.141846,
    54.594059,
    54.445145,
    54.235458,
    54.235458,
    54.235458,
    54.035213,
    54.035213,
    53.8536,
    53.606396,
    53.497116,
    53.497116,
    53.274879,
    53.238239,
    53.161053,
    53.045475,
    53.018684,
    52.998425,
    52.960705,
    52.892166,
    52.525211,
    52.525211,
    52.376945,
    52.344383,
    52.184521,
    51.680763,
    51.676807,
    51.109722,
    51.109722,
    51.109722,
    51.040257,
    50.796326,
    50.722126,
    50.29401,
    50.29401,
    50.29401,
    50.244236,
    49.762844,
    49.762844,
    49.762844,
    49.760517,
    49.528236,
    49.435459,
    49.151497,
    49.151497,
    48.920448,
    48.920448,
    48.919701,
    48.720833,
    48.482132,
    48.482132,
    48.482132,
    48.375504,
    48.375504,
    48.338764,
    48.315708,
    48.306862,
    48.306862,
    47.965725,
    47.965725,
    47.792488,
    47.394451,
    47.394451,
    47.108727,
    47.108727,
    47.103657,
    47.103657,
    47.103657,
    47.103657,
    47.081871,
    46.941605,
    46.941605,
    46.941605,
    46.862171,
    46.862171,
    46.862171,
    46.690002,
    46.690002,
    46.644108,
    46.523766,
    46.523766,
    46.523766,
    46.48732,
    46.427555,
    46.325233,
    46.315731,
    46.26527,
    46.176811,
    46.107029,
    46.088177,
    46.02158,
    46.017487,
    45.925938,
    45.8899,
    45.794659,
    45.672092,
    45.672092,
    45.67094,
    45.267799,
    45.267799,
    45.267799,
    45.103313,
    45.103313,
    45.026077,
    44.961288,
    44.95491,
    44.895081,
    44.873459,
    44.873459,
    44.873459,
    44.845898,
    44.755611,
    44.737431,
    44.737431,
    44.737431,
    44.676502,
    44.676502,
    44.505032,
    44.505032,
    44.505032,
    44.505032,
    44.505032,
    44.505032,
    44.379932,
    44.298454,
    44.298454,
    44.298454,
    44.273666,
    44.250355,
    44.250355,
    44.237663,
    44.17775,
    44.17775,
    44.172535,
    44.172535,
    44.172535,
    44.132774,
    44.132774,
    44.132774,
    44.00745,
    44.00745,
    43.993248,
    43.993248,
    43.993248,
    43.993248,
    43.964405,
    43.964405,
    43.964405,
    43.947475,
    43.927338,
    43.925362,
    43.898754,
    43.883236,
    43.790901,
    43.782024,
    43.651039,
    43.651039,
    43.651039,
    43.651039,
    43.651039,
    43.516205,
    43.516205,
    43.478722,
    43.478722,
    43.478722,
    43.379833,
    43.348999,
    43.348999,
    43.348999,
    43.319122,
    43.319122,
    43.298199,
    43.268894,
    43.268894,
    43.268894,
    43.268894,
    43.111397,
    43.088284,
    43.088284,
    43.088284,
    43.088284,
    43.088284,
    43.081341,
    43.081341,
    43.075695,
    43.050831,
    43.050831,
    43.050831,
    43.050831,
    43.050831,
    43.005699,
    42.999722,
    42.944996,
    42.944996,
    42.944653,
    42.869019,
    42.693996,
    42.684742,
    42.676357,
    42.650211,
    42.571075,
    42.571075,
    42.499466,
    42.499466,
    42.481636,
    42.435001,
    42.435001,
    42.409863,
    42.395317,
    42.315441,
    42.293621,
    42.293621,
    42.293621,
    42.293621,
    42.273006,
    42.273006,
    42.253967,
    42.253967,
    42.205917,
    42.205917,
    42.205917,
    42.205917,
    42.205917,
    42.17857,
    42.17857,
    42.17857,
    42.17857,
    42.175903,
    42.174751,
    42.126274,
    42.126274,
    42.103642,
    42.05661,
    42.05661,
    42.05661,
    42.05661,
    42.05661,
    42.05661,
    42.05661,
    42.05661,
    42.042984,
    42.042984,
    42.042984,
    42.032982,
    42.032982,
    42.032982,
    42.032982,
    42.000061,
    42.000061,
    42.000061,
    42.000061,
    41.886433,
    41.886433,
    41.886433,
    41.886433,
    41.886433,
    41.886433,
    41.809685,
    41.809685,
    41.809685,
    41.782829,
    41.782829,
    41.781551,
    41.781551,
    41.755848,
    41.755848,
    41.688854,
    41.624096,
    41.624096,
    41.624096,
    41.624096,
    41.624096,
    41.624096,
    41.624096,
    41.624096,
    41.620995,
    41.620544,
    41.600872,
    41.600872,
    41.600872,
    41.597801,
    41.597801,
    41.571075,
    41.534405,
    41.433582,
    41.433582,
    41.433582,
    41.393394,
    41.389458,
    41.343056,
    41.271908,
    41.271908,
    41.271908,
    41.271526,
    41.267109,
    41.267109,
    41.267109,
    41.261555,
    41.249531,
    41.249531,
    41.249531,
    41.249531,
    41.23764,
    41.23764,
    41.23764,
    41.230156,
    41.230156,
    41.201416,
    41.201416,
    41.201416,
    41.201416,
    41.201416,
    41.201416,
    41.176903,
    41.176903,
    41.162003,
    41.162003,
    41.162003,
    41.162003,
    41.162003,
    41.162003,
    41.162003,
    41.162003,
    41.144566,
    41.135151,
    41.0998,
    41.099056,
    41.059853,
    41.028248,
    41.028248,
    41.028248,
    40.991322,
    40.991322,
    40.971111,
    40.971111,
    40.971111,
    40.971111,
    40.971111,
    40.931282,
    40.863213,
    40.863213,
    40.863213,
    40.863213,
    40.855869,
    40.855869,
    40.855869,
    40.855869,
    40.855869,
    40.751343,
    40.751343,
    40.751343,
    40.723019,
    40.723019,
    40.723019,
    40.723019,
    40.705921,
    40.676468,
    40.676468,
    40.676468,
    40.676468,
    40.676468,
    40.676277,
    40.676277,
    40.676277,
    40.676277,
    40.676277,
    40.676277,
    40.674191,
    40.512402,
    40.512402,
    40.511196,
    40.511196,
    40.511196,
    40.505165,
    40.49387,
    40.48233,
    40.48233,
    40.48233,
    40.459473,
    40.459473,
    40.459473,
    40.459473,
    40.451233,
    40.431496,
    40.431496,
    40.413681,
    40.413681,
    40.413681,
    40.407047,
    40.369389,
    40.369389,
    40.369389,
    40.369389,
    40.369389,
    40.369389,
    40.369389,
    40.369389,
    40.265381,
    40.265381,
    40.265381,
    40.265381,
    40.265381,
    40.265381,
    40.265381,
    40.239319,
    40.228245,
    40.222168,
    40.222168,
    40.222168,
    40.222168,
    40.222168,
    40.222168,
    40.222168,
    40.222168,
    40.211964,
    40.163521,
    40.163521,
    40.163521,
    40.163521,
    40.041855,
    40.041855,
    40.032379,
    40.032379,
    40.032379,
    40.029842,
    40.009636,
    40.009636,
    40.009636,
    40.004402,
    40.004402,
    40.002182,
    40.002182,
    39.984329,
    39.984039,
    39.977596,
    39.964897,
    39.964897,
    39.964897,
    39.939953,
    39.935699,
    39.935699,
    39.935699,
    39.935699,
    39.935699,
    39.935699,
    39.935276,
    39.935276,
    39.935276,
    39.935276,
    39.935276,
    39.935276,
    39.928638,
    39.888889,
    39.880741,
    39.880741,
    39.871216,
    39.871216,
    39.871216,
    39.852783,
    39.827477,
    39.811737,
    39.811737,
    39.805264,
    39.805264,
    39.80109,
    39.774502,
    39.774502,
    39.774498,
    39.751125,
    39.751125,
    39.751125,
    39.751125,
    39.748138,
