{
  "timestamp": "2026-05-11T00:09:36.480251",
  "config": {
    "population_size": 30,
    "max_generations": 1000,
    "xo_prob": 0.8,
    "mut_prob": 0.05,
    "elitesize": 2,
    "tournament_size": 3,
    "crossover_type": "uniform",
    "mutation_type": "random",
    "maximization": false,
    "save_image_every_n_gens": 100
  },
  "runtime_seconds": 97.82,
  "final_fitness": 38.267834,
  "fitness_history": [
    76.731209,
    75.50219,
    75.464432,
    75.463684,
    73.098747,
    71.30674,
    71.30674,
    70.999367,
    70.49572,
    69.301636,
    69.110504,
    68.531281,
    68.531281,
    68.011765,
    67.121536,
    67.121536,
    66.998566,
    66.802643,
    66.339684,
    66.316704,
    66.198044,
    65.70594,
    65.34687,
    65.34687,
    64.941986,
    64.275452,
    63.879936,
    63.879936,
    63.588432,
    62.522533,
    62.338791,
    62.338791,
    62.070366,
    61.078648,
    60.776348,
    60.589291,
    60.589291,
    59.583832,
    59.566784,
    59.226189,
    59.22501,
    59.165436,
    58.713707,
    58.675526,
    58.629917,
    58.514153,
    58.053452,
    58.053452,
    57.735199,
    57.735199,
    57.735199,
    57.716309,
    57.595554,
    57.595554,
    57.499874,
    57.499874,
    57.128647,
    57.107441,
    56.992737,
    56.992737,
    56.838249,
    56.773319,
    56.757572,
    56.357197,
    56.357197,
    56.353336,
    56.177074,
    56.177074,
    55.604164,
    55.604164,
    55.603912,
    55.5354,
    55.378262,
    55.072731,
    54.931969,
    54.891544,
    54.891544,
    54.863518,
    54.863518,
    54.863518,
    54.774773,
    54.774773,
    54.749626,
    54.697453,
    54.697453,
    54.697453,
    54.697453,
    54.681484,
    54.649036,
    54.59848,
    54.592899,
    54.344009,
    54.153255,
    54.153255,
    54.153255,
    54.153255,
    54.153255,
    54.1525,
    54.01545,
    53.751629,
    53.749847,
    53.596268,
    53.489933,
    53.383217,
    53.32943,
    53.303944,
    53.186104,
    53.000149,
    53.000149,
    52.99194,
    52.887131,
    52.84605,
    52.84605,
    52.816257,
    52.747089,
    52.747089,
    52.667053,
    52.52515,
    52.460693,
    52.460693,
    52.460693,
    52.43412,
    52.40189,
    52.304405,
    52.304405,
    52.283401,
    52.283401,
    52.226074,
    52.159496,
    51.992306,
    51.971714,
    51.848225,
    51.819824,
    51.819824,
    51.75082,
    51.65155,
    51.65155,
    51.613789,
    51.613789,
    51.533382,
    51.393089,
    51.150154,
    51.150154,
    51.150154,
    51.150154,
    51.150154,
    51.150154,
    51.085323,
    51.043053,
    51.030613,
    50.99329,
    50.99329,
    50.652328,
    50.642822,
    50.544876,
    50.544876,
    50.544876,
    50.488499,
    50.488499,
    50.432636,
    50.432636,
    50.350712,
    50.33876,
    50.246037,
    50.246037,
    50.246037,
    50.246037,
    49.841064,
    49.841064,
    49.841064,
    49.841064,
    49.812374,
    49.812374,
    49.794117,
    49.771652,
    49.771652,
    49.771652,
    49.771652,
    49.710896,
    49.710896,
    49.710896,
    49.710896,
    49.300308,
    49.300308,
    49.300308,
    49.299931,
    49.238991,
    49.060516,
    49.060516,
    48.987392,
    48.987392,
    48.898838,
    48.898838,
    48.898838,
    48.693527,
    48.693527,
    48.693527,
    48.595066,
    48.538208,
    48.538208,
    48.538208,
    48.526516,
    48.398315,
    48.398315,
    48.398315,
    48.398315,
    48.391903,
    48.385838,
    48.361191,
    48.355026,
    48.355026,
    48.355026,
    48.30817,
    48.30817,
    48.30817,
    48.282257,
    48.281311,
    48.281311,
    48.2225,
    48.2225,
    48.2225,
    48.2225,
    48.2225,
    48.2225,
    48.2225,
    48.18224,
    48.127331,
    48.127331,
    48.127331,
    48.101437,
    48.07489,
    48.07489,
    47.966541,
    47.718712,
    47.718712,
    47.636631,
    47.636631,
    47.636631,
    47.571434,
    47.571434,
    47.458176,
    47.42366,
    47.42366,
    47.42366,
    47.383865,
    47.32127,
    47.202076,
    47.202076,
    47.202076,
    47.202076,
    47.198551,
    47.153416,
    47.153416,
    47.115162,
    47.114872,
    47.102192,
    46.927639,
    46.886509,
    46.838833,
    46.838833,
    46.838833,
    46.831181,
    46.744247,
    46.744247,
    46.744247,
    46.744247,
    46.744247,
    46.744247,
    46.74382,
    46.695225,
    46.695225,
    46.666424,
    46.666424,
    46.666424,
    46.666424,
    46.658096,
    46.629929,
    46.629929,
    46.619106,
    46.608418,
    46.608418,
    46.608418,
    46.600864,
    46.567024,
    46.567024,
    46.567024,
    46.567024,
    46.567024,
    46.567024,
    46.567024,
    46.541286,
    46.510162,
    46.488037,
    46.488037,
    46.488037,
    46.488037,
    46.479912,
    46.414276,
    46.294899,
    46.294899,
    46.294899,
    46.294899,
    46.294899,
    46.294899,
    46.217045,
    46.217045,
    46.217045,
    46.217045,
    46.216171,
    46.216171,
    46.202362,
    46.138165,
    46.138165,
    46.138165,
    45.834614,
    45.834614,
    45.834614,
    45.799,
    45.799,
    45.799,
    45.763599,
    45.763599,
    45.763599,
    45.726765,
    45.454693,
    45.454693,
    45.454693,
    45.421944,
    45.421944,
    45.418846,
    45.307838,
    45.307838,
    45.306896,
    45.306896,
    45.306896,
    45.306896,
    45.288219,
    45.288219,
    45.207478,
    45.207478,
    45.207478,
    45.18428,
    45.104168,
    45.09726,
    44.829987,
    44.769608,
    44.726158,
    44.726158,
    44.683861,
    44.683861,
    44.629692,
    44.629692,
    44.629692,
    44.629692,
    44.629692,
    44.602806,
    44.602806,
    44.602806,
    44.504505,
    44.504505,
    44.504505,
    44.40683,
    44.40683,
    44.40683,
    44.385006,
    44.385006,
    44.385006,
    44.385006,
    44.305656,
    44.305656,
    44.305656,
    44.305656,
    44.305656,
    44.305656,
    44.305656,
    44.305656,
    44.305656,
    44.268993,
    44.258629,
    44.258629,
    44.251194,
    44.233799,
    44.233799,
    44.233799,
    44.186317,
    44.186317,
    44.186317,
    44.158966,
    44.158966,
    44.058594,
    44.058594,
    44.05814,
    44.006744,
    44.006744,
    43.999966,
    43.999966,
    43.999966,
    43.9216,
    43.9216,
    43.9216,
    43.9216,
    43.917362,
    43.917362,
    43.873222,
    43.873222,
    43.87289,
    43.862381,
    43.862251,
    43.807766,
    43.807766,
    43.807766,
    43.807766,
    43.807766,
    43.807766,
    43.678707,
    43.678707,
    43.664074,
    43.622723,
    43.622723,
    43.622723,
    43.622723,
    43.601131,
    43.601131,
    43.601131,
    43.601131,
    43.563892,
    43.563892,
    43.563892,
    43.563892,
    43.563892,
    43.559929,
    43.509224,
    43.509224,
    43.509224,
    43.509224,
    43.509224,
    43.509224,
    43.498005,
    43.498005,
    43.44973,
    43.44973,
    43.39819,
    43.39819,
    43.39819,
    43.39819,
    43.39819,
    43.39819,
    43.363205,
    43.328182,
    43.328182,
    43.267605,
    43.267605,
    43.267605,
    43.267605,
    43.267605,
    43.260277,
    43.260277,
    43.239574,
    43.207897,
    43.207897,
    43.174042,
    43.156971,
    43.156971,
    43.156971,
    43.156681,
    43.138893,
    43.124897,
    43.124897,
    43.124897,
    43.124897,
    43.124897,
    42.974651,
    42.928528,
    42.891781,
    42.891781,
    42.881035,
    42.859962,
    42.848927,
    42.834312,
    42.834312,
    42.789303,
    42.789303,
    42.789303,
    42.782333,
    42.763985,
    42.757931,
    42.757687,
    42.757687,
    42.705849,
    42.705849,
    42.705849,
    42.705849,
    42.705849,
    42.675129,
    42.657196,
    42.657196,
    42.657196,
    42.657196,
    42.657196,
    42.657196,
    42.657196,
    42.650166,
    42.642033,
    42.642033,
    42.620358,
    42.562469,
    42.562469,
    42.562469,
    42.562469,
    42.562469,
    42.549049,
