{
  "timestamp": "2026-05-11T20:25:35.607194",
  "config": {
    "population_size": 30,
    "max_generations": 1000,
    "xo_prob": 1.0,
    "mut_prob": 0.05,
    "elitesize": 2,
    "tournament_size": 3,
    "crossover_type": "uniform",
    "mutation_type": "random",
    "maximization": false,
    "save_image_every_n_gens": 100
  },
  "runtime_seconds": 101.07,
  "final_fitness": 37.338299,
  "fitness_history": [
    72.871399,
    72.044472,
    70.821434,
    69.24041,
    68.40921,
    66.838524,
    66.159798,
    66.131256,
    64.627327,
    64.627327,
    64.336334,
    62.935635,
    62.604309,
    62.604309,
    61.732136,
    61.732136,
    60.83746,
    60.320526,
    60.320526,
    60.11961,
    59.896675,
    59.770668,
    59.643345,
    59.330566,
    59.134438,
    59.134438,
    59.074928,
    58.815491,
    58.815491,
    58.725925,
    58.62447,
    57.641552,
    57.588665,
    57.544086,
    57.303802,
    57.303802,
    57.303802,
    57.110954,
    57.110954,
    56.920567,
    56.920567,
    56.743752,
    56.586582,
    56.586582,
    56.526703,
    56.467117,
    56.461205,
    56.327564,
    56.327564,
    56.248249,
    56.248249,
    56.181072,
    56.072834,
    56.072834,
    55.929741,
    55.479141,
    55.469952,
    55.296207,
    55.296207,
    55.18148,
    55.18148,
    55.110783,
    55.023434,
    54.943005,
    54.943005,
    54.93795,
    54.731174,
    54.731174,
    54.231895,
    54.231895,
    54.138561,
    53.768055,
    53.768055,
    53.736839,
    53.709888,
    53.253445,
    53.253445,
    53.253445,
    53.241768,
    53.194477,
    53.138134,
    53.134396,
    53.126499,
    53.093254,
    52.89991,
    52.810734,
    52.695992,
    52.398026,
    52.305969,
    52.117393,
    51.996941,
    51.996941,
    51.722153,
    51.722153,
    51.524326,
    51.524326,
    51.426819,
    51.413952,
    51.354214,
    51.259083,
    51.259083,
    51.149887,
    51.149887,
    50.947754,
    50.936161,
    50.936161,
    50.817802,
    50.806973,
    50.806973,
    50.804764,
    50.745548,
    50.629814,
    50.423428,
    50.36005,
    50.321018,
    50.038849,
    50.038849,
    49.919506,
    49.919506,
    49.919506,
    49.604012,
    49.604012,
    49.604012,
    48.919987,
    48.912281,
    48.912281,
    48.912281,
    48.796078,
    48.796078,
    48.781883,
    48.68869,
    48.68869,
    48.68869,
    48.68869,
    48.568134,
    48.568134,
    48.568134,
    48.568134,
    48.568134,
    48.568134,
    48.568134,
    48.568134,
    48.568134,
    48.55706,
    48.442219,
    48.359016,
    48.359016,
    48.309727,
    48.309727,
    48.309727,
    48.300556,
    48.200245,
    48.119316,
    48.119316,
    48.035397,
    48.035397,
    48.035397,
    48.035397,
    47.868324,
    47.857113,
    47.857113,
    47.745068,
    47.745068,
    47.745068,
    47.745068,
    47.745068,
    47.728268,
    47.683231,
    47.683231,
    47.683231,
    47.659145,
    47.659145,
    47.659145,
    47.598412,
    47.598412,
    47.598412,
    47.598412,
    47.598412,
    47.566566,
    47.559067,
    47.559067,
    47.559067,
    47.559067,
    47.559067,
    47.511719,
    47.502216,
    47.49625,
    47.49625,
    47.494843,
    47.494843,
    47.479019,
    47.472446,
    47.472446,
    47.421032,
    47.421032,
    47.335686,
    47.054245,
    47.054245,
    47.027115,
    46.930492,
    46.85178,
    46.847679,
    46.70752,
    46.70752,
    46.70752,
    46.70752,
    46.70752,
    46.70752,
    46.70155,
    46.640255,
    46.640255,
    46.59594,
    46.59594,
    46.59594,
    46.593765,
    46.531685,
    46.531685,
    46.505535,
    46.420238,
    46.420238,
    46.404324,
    46.404324,
    46.404324,
    46.356003,
    46.078823,
    46.078823,
    46.025288,
    46.025288,
    46.025288,
    46.016335,
    45.945004,
    45.921715,
    45.903343,
    45.881733,
    45.819435,
    45.819435,
    45.793678,
    45.626816,
    45.626816,
    45.440956,
    45.440956,
    45.338943,
    45.335899,
    45.335899,
    45.25882,
    45.25882,
    45.25882,
    45.249905,
    45.249905,
    45.248074,
    45.235985,
    45.235985,
    45.187496,
    45.187496,
    45.045525,
    45.045525,
    45.045525,
    45.024544,
    44.964569,
    44.964569,
    44.964569,
    44.964569,
    44.964569,
    44.964569,
    44.964569,
    44.893158,
    44.874611,
    44.874611,
    44.874611,
    44.863338,
    44.853291,
    44.853291,
    44.790916,
    44.776577,
    44.64521,
    44.634327,
    44.584961,
    44.548119,
    44.548119,
    44.548119,
    44.51384,
    44.51384,
    44.484642,
    44.484642,
    44.484642,
    44.484283,
    44.397583,
    44.281864,
    44.281864,
    44.281864,
    44.281864,
    44.268848,
    44.268848,
    44.268848,
    44.268848,
    44.183933,
    44.183933,
    44.092953,
    44.092953,
    44.092953,
    44.092953,
    44.092953,
    44.092953,
    44.092953,
    44.092953,
    44.059864,
    44.059864,
    44.059864,
    44.058941,
    44.057587,
    44.045498,
    44.045498,
    43.994637,
    43.994637,
    43.994537,
    43.977379,
    43.96999,
    43.914871,
    43.914871,
    43.914871,
    43.90361,
    43.902355,
    43.839138,
    43.839138,
    43.839138,
    43.815292,
    43.79026,
    43.79026,
    43.773476,
    43.773476,
    43.773476,
    43.70565,
    43.70565,
    43.70565,
    43.70565,
    43.70565,
    43.70565,
    43.694534,
    43.654224,
    43.654224,
    43.654224,
    43.654224,
    43.654224,
    43.654224,
    43.654224,
    43.654224,
    43.654224,
    43.516766,
    43.516766,
    43.47221,
    43.45253,
    43.440434,
    43.42524,
    43.388107,
    43.388107,
    43.388107,
    43.229179,
    43.229179,
    43.229179,
    43.229179,
    43.229179,
    43.204567,
    43.204567,
    43.204567,
    43.204567,
    43.182228,
    43.182228,
    43.147129,
    43.147129,
    43.147129,
    42.91787,
    42.91787,
    42.91787,
    42.91787,
    42.91787,
    42.904068,
    42.897854,
    42.873047,
    42.873047,
    42.838699,
    42.838699,
    42.838699,
    42.838699,
    42.817467,
    42.817467,
    42.817467,
    42.817467,
    42.790791,
    42.790791,
    42.75222,
    42.75222,
    42.701118,
    42.701118,
    42.701118,
    42.701118,
    42.701118,
    42.701118,
    42.701118,
    42.669559,
    42.669559,
    42.669559,
    42.625351,
    42.620338,
    42.516514,
    42.516514,
    42.516514,
    42.516514,
    42.492752,
    42.492752,
    42.492752,
    42.492752,
    42.492752,
    42.492752,
    42.441711,
    42.341873,
    42.341873,
    42.341873,
    42.341873,
    42.335934,
    42.245342,
    42.245342,
    42.219944,
    42.219944,
    42.219944,
    42.165863,
    42.165863,
    42.01672,
    42.01672,
    42.01672,
    42.01672,
    42.01672,
    42.01672,
    42.01672,
    42.01672,
    42.01672,
    41.995785,
    41.99435,
    41.99435,
    41.991219,
    41.981228,
    41.981228,
    41.981228,
    41.981228,
    41.942375,
    41.942375,
    41.942375,
    41.942375,
    41.910351,
    41.859989,
    41.859989,
    41.844673,
    41.844673,
    41.844673,
    41.826447,
    41.820667,
    41.820667,
    41.820667,
    41.759331,
    41.759331,
    41.757465,
    41.754955,
    41.754955,
    41.714352,
    41.689857,
    41.689857,
    41.689857,
    41.680206,
    41.626587,
    41.54076,
    41.54076,
    41.54076,
    41.476597,
    41.476597,
    41.476597,
    41.3899,
    41.3899,
    41.354004,
    41.354004,
    41.300842,
    41.298748,
    41.298748,
    41.298748,
    41.298748,
    41.298748,
    41.286537,
    41.253773,
    41.216034,
    41.216034,
    41.201065,
    41.194321,
    41.193924,
    41.169273,
    41.164726,
    41.164726,
    41.131123,
    41.131123,
    41.131123,
    41.131123,
    41.131123,
    41.131123,
    41.131123,
    41.131123,
    41.131123,
    41.037331,
    41.037331,
    41.033123,
    41.033123,
    41.033123,
    41.033123,
    41.029213,
