{
  "timestamp": "2026-05-10T23:51:15.126343",
  "config": {
    "population_size": 30,
    "max_generations": 1000,
    "xo_prob": 0.8,
    "mut_prob": 0.05,
    "elitesize": 5,
    "tournament_size": 3,
    "crossover_type": "uniform",
    "mutation_type": "random",
    "maximization": false,
    "save_image_every_n_gens": 100
  },
  "runtime_seconds": 92.41,
  "final_fitness": 37.915123,
  "fitness_history": [
    75.674492,
    75.211678,
    71.46656,
    70.932327,
    69.706749,
    69.344727,
    69.344727,
    68.731224,
    67.752686,
    66.720154,
    66.389801,
    66.182755,
    66.182755,
    66.010368,
    65.491844,
    65.349907,
    65.066132,
    65.044922,
    64.847115,
    64.676567,
    64.574028,
    63.99234,
    63.909924,
    63.68541,
    63.661232,
    63.323509,
    62.211311,
    61.826687,
    61.826687,
    61.471851,
    61.440086,
    61.377068,
    61.377068,
    61.202049,
    61.098103,
    60.786491,
    60.786491,
    60.786491,
    60.31646,
    59.97686,
    59.97686,
    59.905041,
    59.743034,
    59.588272,
    59.461956,
    59.041462,
    58.940987,
    58.675877,
    58.306698,
    58.256176,
    58.256176,
    58.040508,
    58.040508,
    57.919941,
    57.668903,
    57.668903,
    57.668903,
    57.668903,
    57.256664,
    57.077152,
    57.077152,
    56.885986,
    56.791721,
    56.668434,
    56.668434,
    56.619335,
    56.18087,
    56.18087,
    56.13607,
    56.13607,
    55.93745,
    55.87394,
    55.87394,
    55.849773,
    55.570564,
    55.570564,
    55.570564,
    55.570564,
    55.48542,
    54.984962,
    54.97562,
    54.97562,
    54.933937,
    54.933937,
    54.918163,
    54.767361,
    54.681152,
    54.681152,
    54.448814,
    54.448814,
    54.448814,
    54.448814,
    54.373634,
    54.116718,
    54.116718,
    54.116718,
    54.106815,
    53.871994,
    53.871994,
    53.871994,
    53.871994,
    53.843407,
    53.843407,
    53.807693,
    53.807693,
    53.75462,
    53.75462,
    53.709297,
    53.702518,
    53.68663,
    53.68663,
    53.629963,
    53.618637,
    53.589008,
    53.450294,
    53.450294,
    53.450294,
    53.450294,
    53.450294,
    53.450294,
    53.284401,
    53.284401,
    53.141796,
    53.141796,
    53.141796,
    53.092419,
    53.092419,
    53.002945,
    52.917206,
    52.917206,
    52.917206,
    52.862537,
    52.78405,
    52.702274,
    52.695251,
    52.695251,
    52.62822,
    52.500996,
    52.500996,
    52.45052,
    52.45052,
    52.371944,
    52.343452,
    52.340416,
    52.282806,
    52.282806,
    52.282806,
    52.258377,
    52.24176,
    52.24176,
    52.109901,
    52.109901,
    52.109901,
    52.109901,
    52.109901,
    52.109901,
    52.09602,
    52.09602,
    51.990253,
    51.990253,
    51.990253,
    51.883923,
    51.862183,
    51.862183,
    51.825699,
    51.82391,
    51.82391,
    51.82391,
    51.777149,
    51.777149,
    51.777149,
    51.777149,
    51.760983,
    51.698383,
    51.698383,
    51.626568,
    51.580635,
    51.502644,
    51.476471,
    51.407635,
    51.406834,
    51.367474,
    51.366734,
    51.366734,
    51.225124,
    51.225124,
    51.19022,
    51.19022,
    51.128044,
    51.128044,
    51.128044,
    51.081314,
    51.023567,
    51.023567,
    51.023567,
    51.023567,
    51.020493,
    50.8494,
    50.685806,
    50.685806,
    50.662067,
    50.632153,
    50.595387,
    50.53196,
    50.527111,
    50.527111,
    50.527111,
    50.509331,
    50.43816,
    50.41378,
    50.41378,
    50.35598,
    50.331924,
    50.331924,
    50.312649,
    50.30072,
    50.27272,
    50.126633,
    50.081707,
    50.081707,
    50.081707,
    50.024006,
    49.99696,
    49.99696,
    49.994244,
    49.989418,
    49.97205,
    49.928997,
    49.92503,
    49.92503,
    49.92503,
    49.918385,
    49.903278,
    49.720116,
    49.720116,
    49.720116,
    49.71067,
    49.71067,
    49.639465,
    49.589275,
    49.589275,
    49.5779,
    49.533798,
    49.533798,
    49.533798,
    49.533798,
    49.471203,
    49.471203,
    49.471203,
    49.396793,
    49.384163,
    49.384163,
    49.355721,
    49.266453,
    49.266453,
    49.266453,
    49.266453,
    49.266453,
    49.266453,
    49.186043,
    49.127434,
    49.087566,
    49.083973,
    49.071259,
    48.97208,
    48.97208,
    48.97208,
    48.90094,
    48.766827,
    48.766827,
    48.752941,
    48.590813,
    48.590496,
    48.590496,
    48.546753,
    48.546753,
    48.486008,
    48.486008,
    48.478558,
    48.464516,
    48.464516,
    48.443455,
    48.433475,
    48.433475,
    48.433475,
    48.433475,
    48.398693,
    48.339218,
    48.339218,
    48.339218,
    48.285721,
    48.189167,
    48.189167,
    48.189167,
    48.189167,
    48.132236,
    48.132236,
    48.103458,
    48.093769,
    48.093769,
    48.067776,
    47.848324,
    47.848324,
    47.848324,
    47.823738,
    47.811466,
    47.684372,
    47.684372,
    47.652737,
    47.636528,
    47.636528,
    47.522583,
    47.522583,
    47.464149,
    47.464149,
    47.464149,
    47.464149,
    47.397038,
    47.370705,
    47.303265,
    47.303265,
    47.303265,
    47.303265,
    47.255947,
    47.180923,
    47.180923,
    47.180923,
    47.129379,
    47.129379,
    46.809315,
    46.809315,
    46.808968,
    46.808968,
    46.74659,
    46.620537,
    46.620537,
    46.48951,
    46.480122,
    46.437496,
    46.437496,
    46.404339,
    46.33778,
    46.33778,
    46.250011,
    46.250011,
    46.12764,
    45.847805,
    45.804291,
    45.804291,
    45.804291,
    45.804291,
    45.769291,
    45.769291,
    45.769291,
    45.740334,
    45.653854,
    45.653854,
    45.653854,
    45.653854,
    45.61372,
    45.61372,
    45.54052,
    45.54052,
    45.54052,
    45.463173,
    45.463173,
    45.463173,
    45.43536,
    45.412148,
    45.391983,
    45.350315,
    45.350315,
    45.350315,
    45.350315,
    45.350315,
    45.325623,
    45.311199,
    45.280842,
    45.230698,
    45.230698,
    45.230698,
    45.230698,
    45.23011,
    45.190811,
    45.183304,
    45.183304,
    45.158283,
    45.158283,
    45.158283,
    45.156914,
    45.156914,
    45.156914,
    45.153904,
    45.128597,
    45.128597,
    45.128597,
    45.050034,
    45.04018,
    44.968224,
    44.968224,
    44.968224,
    44.968224,
    44.968224,
    44.968224,
    44.957748,
    44.941109,
    44.941109,
    44.941109,
    44.928242,
    44.899063,
    44.868813,
    44.868813,
    44.824856,
    44.809258,
    44.809258,
    44.7841,
    44.782108,
    44.782108,
    44.782108,
    44.751881,
    44.751881,
    44.751881,
    44.740471,
    44.740471,
    44.730492,
    44.700779,
    44.679962,
    44.577824,
    44.577824,
    44.569973,
    44.474552,
    44.474552,
    44.46262,
    44.436237,
    44.436237,
    44.436237,
    44.400139,
    44.400139,
    44.400139,
    44.262371,
    44.262371,
    44.262371,
    44.262371,
    44.262371,
    44.246548,
    44.16021,
    44.16021,
    44.153816,
    44.153816,
    44.153816,
    44.119858,
    44.05862,
    44.05862,
    44.051212,
    44.051212,
    43.975887,
    43.967106,
    43.967106,
    43.966522,
    43.964836,
    43.964836,
    43.964836,
    43.961945,
    43.932266,
    43.932266,
    43.927227,
    43.927227,
    43.927227,
    43.927227,
    43.927227,
    43.900814,
    43.858963,
    43.853951,
    43.853951,
    43.853951,
    43.853951,
    43.808014,
    43.808014,
    43.808014,
    43.808014,
    43.808014,
    43.808014,
    43.807217,
    43.781166,
    43.781166,
    43.761364,
    43.749443,
    43.749443,
    43.74337,
    43.74337,
    43.72673,
    43.72673,
    43.720924,
    43.720924,
    43.697334,
    43.697334,
    43.689892,
    43.689892,
    43.689892,
    43.582863,
    43.582863,
    43.582863,
    43.396011,
    43.396011,
    43.396011,
    43.359913,
    43.328411,
    43.328072,
    43.268864,
    43.268864,
