{
  "timestamp": "2026-05-11T10:03:22.188345",
  "config": {
    "population_size": 30,
    "max_generations": 1000,
    "xo_prob": 0.8,
    "mut_prob": 0.05,
    "elitesize": 2,
    "tournament_size": 3,
    "crossover_type": "uniform",
    "mutation_type": "random",
    "maximization": false,
    "save_image_every_n_gens": 100,
    "seed": 2,
    "algorithm": "GA"
  },
  "runtime_seconds": 99.82,
  "final_fitness": 38.209373,
  "fitness_history": [
    74.529816,
    72.158516,
    70.205894,
    70.205894,
    70.205894,
    70.205894,
    68.863724,
    68.614059,
    68.26458,
    67.620148,
    66.959747,
    66.959747,
    66.959747,
    66.037498,
    65.799408,
    65.608055,
    65.608055,
    65.375084,
    65.315094,
    65.262039,
    65.262039,
    64.989456,
    64.66217,
    64.66217,
    64.511307,
    64.511307,
    64.483505,
    64.197556,
    64.090332,
    64.090332,
    63.094849,
    63.094849,
    62.724098,
    62.563145,
    62.563145,
    62.563145,
    62.563145,
    62.381618,
    62.381618,
    62.370647,
    62.239151,
    62.181808,
    61.275696,
    61.083576,
    61.082909,
    60.501633,
    60.156651,
    59.916016,
    59.726025,
    59.505798,
    59.468166,
    59.387917,
    59.311806,
    59.132851,
    59.132851,
    58.975224,
    58.952213,
    58.914753,
    58.520153,
    58.520153,
    58.483368,
    58.44907,
    57.949619,
    57.841656,
    57.841656,
    57.841656,
    57.765945,
    57.643066,
    57.492779,
    57.389618,
    57.165272,
    57.165272,
    57.01585,
    57.01585,
    56.80455,
    56.783688,
    56.739292,
    56.739292,
    56.398556,
    56.340874,
    56.340874,
    56.314301,
    56.240814,
    56.181839,
    56.181839,
    56.157509,
    56.157509,
    56.046391,
    56.046391,
    56.046391,
    56.046391,
    56.046391,
    55.89484,
    55.653374,
    55.653374,
    55.653374,
    55.550373,
    55.394947,
    55.151535,
    55.144123,
    55.144123,
    55.046673,
    54.845776,
    54.767517,
    54.681084,
    54.431484,
    54.274944,
    54.274944,
    54.274944,
    54.274944,
    54.141796,
    54.141796,
    54.102314,
    54.102314,
    54.0681,
    53.989891,
    53.804615,
    53.804615,
    53.72258,
    53.72258,
    53.69455,
    53.689243,
    53.560368,
    53.388023,
    53.388023,
    53.371525,
    53.363766,
    53.358986,
    53.207775,
    52.887238,
    52.887238,
    52.776859,
    52.776859,
    52.669628,
    52.669628,
    52.666729,
    52.578545,
    52.571918,
    52.502998,
    52.502998,
    52.405773,
    52.405773,
    52.405346,
    52.405346,
    52.246876,
    52.246876,
    52.171352,
    52.071846,
    51.729713,
    51.684986,
    51.510349,
    51.301949,
    51.301949,
    51.301949,
    51.301949,
    51.301949,
    50.971115,
    50.971115,
    50.915173,
    50.91077,
    50.865017,
    50.813072,
    50.804565,
    50.804565,
    50.804565,
    50.751652,
    50.574303,
    50.489388,
    50.489388,
    50.271626,
    50.169586,
    50.169586,
    50.049984,
    49.869438,
    49.869438,
    49.869438,
    49.842056,
    49.83279,
    49.83279,
    49.814354,
    49.802555,
    49.571129,
    49.571129,
    49.571129,
    49.506943,
    49.441319,
    49.375698,
    49.146492,
    49.062725,
    49.046749,
    48.76889,
    48.71006,
    48.684822,
    48.684822,
    48.684822,
    48.676067,
    48.607826,
    48.607826,
    48.607826,
    48.607826,
    48.607826,
    48.603764,
    48.509354,
    48.453175,
    48.345383,
    48.345383,
    48.276852,
    48.276852,
    48.276852,
    48.276852,
    48.252293,
    48.0117,
    48.0117,
    47.768776,
    47.76622,
    47.746803,
    47.746803,
    47.715584,
    47.715584,
    47.715584,
    47.658424,
    47.658424,
    47.658424,
    47.641254,
    47.641254,
    47.640568,
    47.464264,
    47.458111,
    47.458111,
    47.458111,
    47.285549,
    47.280785,
    47.262798,
    47.205776,
    47.205776,
    47.205776,
    47.131306,
    47.131306,
    47.104752,
    47.093006,
    47.041031,
    47.041031,
    47.017189,
    47.014896,
    47.014896,
    46.918846,
    46.918846,
    46.856678,
    46.856678,
    46.856678,
    46.856678,
    46.856678,
    46.852646,
    46.802326,
    46.802326,
    46.706501,
    46.706501,
    46.706501,
    46.706501,
    46.706501,
    46.706501,
    46.706501,
    46.671822,
    46.671822,
    46.671822,
    46.667103,
    46.667103,
    46.657883,
    46.645115,
    46.645115,
    46.585579,
    46.585579,
    46.539074,
    46.539074,
    46.539074,
    46.539074,
    46.531567,
    46.509418,
    46.509418,
    46.471954,
    46.471954,
    46.471954,
    46.471954,
    46.436363,
    46.436363,
    46.330379,
    46.264313,
    46.264313,
    46.260788,
    46.250835,
    46.250835,
    46.250835,
    46.250835,
    46.234463,
    46.234463,
    46.22805,
    46.205776,
    46.10828,
    46.10828,
    46.10828,
    46.10828,
    46.10828,
    46.106426,
    46.106426,
    45.997807,
    45.997807,
    45.945332,
    45.790802,
    45.650898,
    45.650898,
    45.650898,
    45.650898,
    45.650681,
    45.650372,
    45.650372,
    45.641293,
    45.60886,
    45.60886,
    45.60886,
    45.60886,
    45.593803,
    45.57386,
    45.466526,
    45.466526,
    45.466526,
    45.466526,
    45.466526,
    45.443455,
    45.443455,
    45.442944,
    45.415352,
    45.415352,
    45.415352,
    45.347759,
    45.347759,
    45.299221,
    45.299221,
    45.299221,
    45.277294,
    45.271267,
    45.252205,
    45.216988,
    45.157478,
    45.157478,
    45.099487,
    45.099487,
    45.099487,
    44.961975,
    44.956402,
    44.938271,
    44.938271,
    44.895802,
    44.895802,
    44.895802,
    44.769817,
    44.769817,
    44.638699,
    44.638699,
    44.628101,
    44.628101,
    44.628101,
    44.477772,
    44.41531,
    44.41531,
    44.41531,
    44.41531,
    44.249184,
    44.249184,
    44.249184,
    44.249184,
    44.211967,
    44.211967,
    44.177647,
    44.177647,
    44.177647,
    44.137428,
    44.075794,
    44.075794,
    44.064102,
    44.048527,
    44.020489,
    44.020489,
    44.020489,
    43.999615,
    43.887676,
    43.887676,
    43.887676,
    43.887676,
    43.887676,
    43.887676,
    43.887676,
    43.881733,
    43.861988,
    43.861988,
    43.843559,
    43.813122,
    43.813122,
    43.770084,
    43.770084,
    43.770084,
    43.770084,
    43.770084,
    43.770084,
    43.770084,
    43.770084,
    43.770084,
    43.592365,
    43.592365,
    43.547501,
    43.547501,
    43.537251,
    43.532261,
    43.532261,
    43.528168,
    43.528168,
    43.510017,
    43.510017,
    43.510017,
    43.495464,
    43.368488,
    43.368488,
    43.35754,
    43.35754,
    43.35754,
    43.329693,
    43.329693,
    43.329693,
    43.329693,
    43.329693,
    43.329693,
    43.329693,
    43.325912,
    43.325912,
    43.312656,
    43.300339,
    43.284885,
    43.284885,
    43.275505,
    43.243031,
    43.243031,
    43.09267,
    43.09267,
    43.09267,
    43.059227,
    43.059227,
    43.058559,
    43.058559,
    43.032127,
    43.032127,
    43.02784,
    43.02784,
    43.020477,
    43.020477,
    43.018295,
    43.018295,
    43.018295,
    43.018295,
    43.018295,
    43.013687,
    42.965958,
    42.965958,
    42.965958,
    42.887207,
    42.887207,
    42.887207,
    42.887207,
    42.878613,
    42.870449,
    42.870449,
    42.870449,
    42.80233,
    42.80233,
    42.80233,
    42.728855,
    42.614529,
    42.614529,
    42.59874,
    42.589523,
    42.579536,
    42.541973,
    42.541973,
    42.425331,
    42.425331,
    42.425331,
    42.422298,
    42.383347,
    42.383347,
    42.383347,
    42.383347,
    42.376064,
    42.373589,
    42.3643,
    42.3643,
    42.360912,
    42.327847,
    42.327847,
    42.327847,
    42.300343,
    42.300343,
    42.300343,
    42.298271,
    42.298271,
    42.298271,
    42.298271,
    42.256416,
    42.256264,
