{
  "timestamp": "2026-05-08T14:27:49.668538",
  "config": {
    "population_size": 30,
    "max_generations": 1000,
    "xo_prob": 0.8,
    "mut_prob": 0.1,
    "elitesize": 2,
    "tournament_size": 3,
    "crossover_type": "uniform",
    "mutation_type": "random",
    "maximization": false,
    "save_image_every_n_gens": 100
  },
  "runtime_seconds": 99.33,
  "final_fitness": 44.015064,
  "fitness_history": [
    76.554527,
    75.349602,
    75.349602,
    71.827591,
    71.793434,
    71.793434,
    71.224312,
    71.224312,
    71.224312,
    71.224312,
    70.03257,
    67.245613,
    67.048561,
    65.694717,
    65.694717,
    65.694717,
    65.694717,
    65.076096,
    65.037483,
    65.037483,
    65.037483,
    64.587723,
    64.162819,
    64.051666,
    63.788033,
    62.631996,
    62.469086,
    62.082245,
    61.618244,
    61.231312,
    61.167007,
    61.167007,
    60.903576,
    60.903576,
    60.530331,
    59.99078,
    59.99078,
    59.99078,
    59.99078,
    59.610516,
    59.462887,
    58.907547,
    58.907547,
    58.616638,
    58.366028,
    58.341576,
    58.244343,
    58.038082,
    58.038082,
    57.929897,
    57.929897,
    57.870396,
    57.762287,
    57.645321,
    57.124199,
    57.124199,
    57.124199,
    57.124199,
    57.124199,
    57.124199,
    57.043358,
    57.034451,
    57.034451,
    57.034451,
    56.930592,
    56.930592,
    56.930592,
    56.799938,
    56.799938,
    56.799938,
    56.799938,
    56.68465,
    56.676041,
    56.628788,
    56.628788,
    56.628788,
    56.628788,
    56.628788,
    56.628788,
    56.563545,
    56.552959,
    56.552959,
    56.552959,
    56.552959,
    56.43676,
    56.304924,
    56.024662,
    56.024662,
    55.896706,
    55.896706,
    55.896706,
    55.896706,
    55.896706,
    55.896706,
    55.896706,
    55.87632,
    55.87632,
    55.87632,
    55.87632,
    55.87632,
    55.87632,
    55.87632,
    55.87632,
    55.87632,
    55.87632,
    55.87632,
    55.87632,
    55.87632,
    55.87632,
    55.87632,
    55.817947,
    55.817947,
    55.817947,
    55.817947,
    55.817947,
    55.817146,
    55.817146,
    55.432213,
    55.432213,
    55.432213,
    55.432213,
    55.432213,
    55.432213,
    55.432213,
    55.247715,
    55.143429,
    55.143429,
    55.11451,
    55.11451,
    55.090565,
    55.037792,
    55.037792,
    55.037792,
    55.037792,
    55.037792,
    54.780888,
    54.451599,
    54.451599,
    54.451599,
    54.451599,
    54.451599,
    54.451599,
    54.451599,
    54.451599,
    54.451599,
    54.451599,
    54.451599,
    54.451599,
    54.451599,
    54.429905,
    54.393387,
    54.393387,
    54.14986,
    54.14986,
    54.071056,
    54.071056,
    54.03088,
    53.765053,
    53.765053,
    53.765053,
    53.626205,
    53.608139,
    53.555077,
    53.555077,
    53.555077,
    53.555077,
    53.555077,
    53.555077,
    53.555077,
    53.555077,
    53.460129,
    53.460129,
    53.460129,
    53.29784,
    53.076603,
    53.076603,
    53.076603,
    53.076603,
    53.076603,
    53.076603,
    53.076603,
    53.074608,
    52.970615,
    52.686256,
    52.686256,
    52.686256,
    52.686256,
    52.686256,
    52.686256,
    52.686256,
    52.602032,
    52.602032,
    52.594597,
    52.594597,
    52.538654,
    52.538654,
    52.53447,
    52.495285,
    52.495285,
    52.495285,
    52.495285,
    52.372746,
    52.372746,
    52.372746,
    52.372746,
    52.351097,
    52.09029,
    52.09029,
    52.09029,
    52.076675,
    52.076675,
    52.00684,
    51.909046,
    51.52739,
    51.52739,
    51.456303,
    51.391766,
    51.391766,
    51.391766,
    51.391766,
    51.391766,
    51.153786,
    51.153786,
    51.153786,
    51.153786,
    51.153786,
    51.093384,
    51.093384,
    51.009209,
    51.009209,
    50.921467,
    50.921467,
    50.830746,
    50.830746,
    50.830746,
    50.74334,
    50.74334,
    50.737381,
    50.68829,
    50.657963,
    50.59687,
    50.59687,
    50.59687,
    50.59687,
    50.59687,
    50.59687,
    50.59687,
    50.59687,
    50.43264,
    50.43264,
    50.43264,
    50.407959,
    50.234566,
    50.170952,
    50.170952,
    50.093014,
    50.064613,
    50.064613,
    50.030952,
    50.030952,
    50.030952,
    50.030952,
    50.030952,
    50.030952,
    50.023209,
    50.023209,
    50.008495,
    50.008495,
    49.741318,
    49.741318,
    49.741318,
    49.741318,
    49.741318,
    49.694538,
    49.694538,
    49.694538,
    49.694538,
    49.694538,
    49.694538,
    49.694538,
    49.694538,
    49.694538,
    49.634415,
    49.634415,
    49.438126,
    49.132217,
    49.132217,
    49.132217,
    49.132217,
    49.130188,
    49.108326,
    49.108326,
    49.108326,
    49.108326,
    49.040668,
    49.040668,
    49.040668,
    49.040668,
    49.040668,
    49.040668,
    49.040668,
    49.009895,
    49.009895,
    49.009895,
    49.009895,
    49.009895,
    49.009895,
    49.009895,
    49.009895,
    48.907566,
    48.887482,
    48.887482,
    48.877129,
    48.877129,
    48.794407,
    48.794407,
    48.794407,
    48.794407,
    48.737469,
    48.737385,
    48.737385,
    48.737385,
    48.737385,
    48.737385,
    48.737385,
    48.737385,
    48.692535,
    48.621162,
    48.621162,
    48.621162,
    48.594372,
    48.594372,
    48.594372,
    48.594372,
    48.594372,
    48.497124,
    48.497124,
    48.25433,
    48.25433,
    48.25433,
    48.25433,
    48.251625,
    48.251625,
    48.251625,
    48.168255,
    48.137962,
    48.137962,
    48.137062,
    48.137062,
    48.079754,
    48.079754,
    48.079754,
    48.079754,
    48.079754,
    48.060844,
    48.060844,
    48.060844,
    48.060844,
    48.060844,
    48.051739,
    47.927891,
    47.927891,
    47.885319,
    47.885319,
    47.885319,
    47.885319,
    47.885319,
    47.87888,
    47.87888,
    47.87888,
    47.739376,
    47.739376,
    47.739376,
    47.739376,
    47.56179,
    47.56179,
    47.56179,
    47.56179,
    47.56179,
    47.56179,
    47.554546,
    47.546383,
    47.546383,
    47.542763,
    47.542763,
    47.542763,
    47.542763,
    47.542763,
    47.537266,
    47.513893,
    47.513893,
    47.513893,
    47.513893,
    47.513893,
    47.513893,
    47.513893,
    47.513893,
    47.513893,
    47.513893,
    47.513893,
    47.513893,
    47.479267,
    47.479267,
    47.479267,
    47.479267,
    47.467136,
    47.45929,
    47.45929,
    47.45929,
    47.45929,
    47.45929,
    47.45929,
    47.388123,
    47.388123,
    47.388123,
    47.321995,
    47.321995,
    47.321995,
    47.297142,
    47.288532,
    47.288532,
    47.228481,
    47.228481,
    47.228481,
    47.173576,
    47.173576,
    47.173576,
    47.173576,
    47.173576,
    47.133049,
    47.133049,
    47.073341,
    47.029461,
    47.029461,
    47.029461,
    47.029461,
    46.895245,
    46.895245,
    46.895245,
    46.895245,
    46.895245,
    46.859165,
    46.744358,
    46.744358,
    46.744358,
    46.744358,
    46.744358,
    46.744358,
    46.744358,
    46.744358,
    46.744358,
    46.744358,
    46.744358,
    46.744358,
    46.744358,
    46.744358,
    46.738922,
    46.738922,
    46.681664,
    46.59491,
    46.59491,
    46.59491,
    46.589993,
    46.558903,
    46.558903,
    46.558903,
    46.558903,
    46.554993,
    46.554993,
    46.554993,
    46.514423,
    46.468525,
    46.468525,
    46.468525,
    46.468525,
    46.468525,
    46.468525,
    46.468525,
    46.368465,
    46.368465,
    46.368465,
    46.329681,
    46.329681,
    46.329681,
    46.329681,
    46.243122,
    46.243122,
    46.243122,
    46.242989,
    46.23774,
    46.236565,
    46.191006,
    46.191006,
    46.191006,
    46.191006,
    46.191006,
    46.191006,
    46.191006,
    46.177067,
    46.177067,
    46.177067,
    46.130672,
    46.130672,
    46.130672,
    46.130672,
    46.130672,
    46.130672,
    46.130672,
    46.130672,
    46.130672,
