{
  "timestamp": "2026-05-11T09:48:58.109912",
  "config": {
    "population_size": 30,
    "max_generations": 1000,
    "xo_prob": 0.8,
    "mut_prob": 0.05,
    "elitesize": 2,
    "tournament_size": 3,
    "crossover_type": "uniform",
    "mutation_type": "random",
    "maximization": false,
    "save_image_every_n_gens": 100
  },
  "runtime_seconds": 99.61,
  "final_fitness": 39.342712,
  "fitness_history": [
    72.056145,
    71.584709,
    67.152931,
    66.223892,
    65.524231,
    65.204758,
    64.442886,
    64.201469,
    64.102699,
    63.565769,
    62.943268,
    62.686352,
    62.686352,
    61.897263,
    61.842312,
    61.128826,
    61.011192,
    61.011192,
    60.820042,
    60.556,
    60.070332,
    60.03019,
    59.636604,
    58.534908,
    58.534908,
    58.522667,
    58.43084,
    57.869453,
    57.869453,
    57.869453,
    57.869453,
    57.652905,
    57.652905,
    57.652905,
    57.652905,
    57.619724,
    57.37648,
    57.236084,
    57.236084,
    57.229362,
    57.137638,
    56.94754,
    56.944511,
    56.892574,
    56.75193,
    56.588673,
    56.557491,
    56.517204,
    56.355042,
    56.124077,
    56.068306,
    55.989697,
    55.952297,
    55.925964,
    55.821644,
    55.787315,
    55.786743,
    55.713573,
    55.713573,
    55.598152,
    55.285427,
    55.285427,
    55.159664,
    54.97731,
    54.97731,
    54.97731,
    54.775036,
    54.356064,
    54.323299,
    54.323299,
    54.301922,
    54.183781,
    54.183781,
    54.183781,
    54.183781,
    54.159054,
    54.159054,
    54.159054,
    54.150314,
    53.967087,
    53.967087,
    53.967087,
    53.967087,
    53.886242,
    53.877476,
    53.771782,
    53.771782,
    53.635197,
    53.424744,
    53.36277,
    53.20805,
    53.20805,
    53.189007,
    53.109539,
    52.957092,
    52.852947,
    52.852947,
    52.852947,
    52.823536,
    52.823536,
    52.794044,
    52.794044,
    52.794044,
    52.721321,
    52.721321,
    52.721321,
    52.721321,
    52.721321,
    52.507694,
    52.507694,
    52.495922,
    52.495922,
    52.472427,
    52.458557,
    52.418083,
    52.326492,
    52.326492,
    52.279392,
    52.180431,
    52.180431,
    52.172688,
    52.169258,
    52.161037,
    52.161037,
    52.08139,
    51.960033,
    51.960033,
    51.960033,
    51.949394,
    51.949394,
    51.949394,
    51.796108,
    51.796108,
    51.777557,
    51.676437,
    51.676437,
    51.676437,
    51.517941,
    51.329315,
    51.308945,
    51.278126,
    51.214703,
    51.214703,
    51.163013,
    51.114449,
    51.112316,
    51.052208,
    50.958237,
    50.958237,
    50.916908,
    50.916908,
    50.754478,
    50.754478,
    50.739021,
    50.735207,
    50.588486,
    50.539013,
    50.539013,
    50.537342,
    50.467789,
    50.417671,
    50.385586,
    50.385586,
    50.385586,
    50.385586,
    50.358387,
    50.358387,
    50.310799,
    50.310799,
    50.306503,
    50.300274,
    50.197643,
    50.197643,
    50.197643,
    50.176125,
    50.168808,
    50.089504,
    50.089504,
    50.089504,
    50.0658,
    50.053379,
    50.053379,
    49.988071,
    49.988071,
    49.988071,
    49.988071,
    49.988071,
    49.8647,
    49.8647,
    49.8647,
    49.853043,
    49.810123,
    49.675083,
    49.675083,
    49.674122,
    49.674122,
    49.66164,
    49.639545,
    49.639545,
    49.59684,
    49.59684,
    49.595127,
    49.595127,
    49.52599,
    49.52599,
    49.52599,
    49.52599,
    49.52285,
    49.393177,
    49.358814,
    49.325226,
    49.325226,
    49.325226,
    49.263325,
    49.133648,
    49.133648,
    49.031857,
    49.031857,
    49.031857,
    49.031857,
    49.031857,
    49.015213,
    48.998173,
    48.982811,
    48.982811,
    48.982811,
    48.792191,
    48.657627,
    48.657627,
    48.657627,
    48.657627,
    48.657627,
    48.630215,
    48.549061,
    48.549061,
    48.42804,
    48.42804,
    48.42804,
    48.426666,
    48.420017,
    48.162235,
    48.15274,
    48.15274,
    48.114895,
    48.114895,
    48.114895,
    48.114895,
    48.07785,
    48.07785,
    48.065605,
    48.065605,
    48.065605,
    48.065605,
    48.004341,
    48.004341,
    48.004341,
    48.004341,
    48.002529,
    47.955124,
    47.905739,
    47.905739,
    47.828457,
    47.828457,
    47.828457,
    47.703537,
    47.703537,
    47.620621,
    47.601181,
    47.601181,
    47.585602,
    47.585602,
    47.542923,
    47.451241,
    47.426754,
    47.395695,
    47.395515,
    47.395153,
    47.392578,
    47.368092,
    47.368092,
    47.217598,
    47.217598,
    47.123112,
    47.122601,
    47.093979,
    46.949242,
    46.949242,
    46.869736,
    46.869736,
    46.848587,
    46.848587,
    46.848587,
    46.848587,
    46.840702,
    46.784691,
    46.775898,
    46.77272,
    46.766853,
    46.717171,
    46.672367,
    46.598957,
    46.598957,
    46.598957,
    46.595478,
    46.576679,
    46.535137,
    46.533539,
    46.524342,
    46.524342,
    46.517075,
    46.517075,
    46.455578,
    46.455578,
    46.454582,
    46.454582,
    46.454582,
    46.339642,
    46.336433,
    46.282875,
    46.282875,
    46.282875,
    46.237705,
    46.237705,
    46.237705,
    46.237705,
    46.237705,
    46.237705,
    46.237705,
    46.237705,
    46.207375,
    46.200592,
    46.185249,
    46.185249,
    46.133461,
    46.133461,
    46.133461,
    46.133461,
    46.115513,
    46.054031,
    46.054031,
    46.054031,
    46.054031,
    46.054031,
    46.054031,
    46.054031,
    46.054031,
    46.0452,
    46.0452,
    45.969242,
    45.969242,
    45.969242,
    45.969242,
    45.956707,
    45.922657,
    45.922657,
    45.888855,
    45.888855,
    45.888855,
    45.861847,
    45.861847,
    45.861847,
    45.819626,
    45.819626,
    45.79681,
    45.79681,
    45.783939,
    45.781784,
    45.675571,
    45.666267,
    45.666267,
    45.657997,
    45.572674,
    45.572674,
    45.572674,
    45.54298,
    45.455326,
    45.455326,
    45.455326,
    45.413044,
    45.413044,
    45.413044,
    45.413044,
    45.413044,
    45.352154,
    45.349251,
    45.349251,
    45.23579,
    45.23579,
    45.23579,
    45.23579,
    45.232655,
    45.19688,
    45.19688,
    45.19688,
    45.169064,
    45.169064,
    45.169064,
    45.122524,
    45.122524,
    45.102928,
    45.102928,
    45.102928,
    45.102928,
    45.102928,
    45.038521,
    45.035824,
    45.035824,
    44.996304,
    44.996304,
    44.996304,
    44.996304,
    44.992744,
    44.992744,
    44.992603,
    44.97501,
    44.97501,
    44.871284,
    44.871284,
    44.871284,
    44.871284,
    44.871284,
    44.871284,
    44.871284,
    44.871284,
    44.871284,
    44.871284,
    44.871284,
    44.871284,
    44.867359,
    44.859852,
    44.859852,
    44.859852,
    44.847855,
    44.847855,
    44.841717,
    44.802971,
    44.802971,
    44.802971,
    44.791451,
    44.791451,
    44.664417,
    44.664417,
    44.664417,
    44.652073,
    44.652073,
    44.590714,
    44.590714,
    44.578907,
    44.578907,
    44.569717,
    44.509319,
    44.504841,
    44.504841,
    44.504841,
    44.504841,
    44.504841,
    44.484879,
    44.484879,
    44.484879,
    44.484207,
    44.300537,
    44.300537,
    44.300537,
    44.07019,
    44.066345,
    44.066345,
    44.066345,
    44.065319,
    44.065319,
    44.064762,
    43.973145,
    43.933605,
    43.922077,
    43.922077,
    43.922077,
    43.901718,
    43.901718,
    43.901718,
    43.900227,
    43.900227,
    43.900227,
    43.898983,
    43.898983,
    43.898983,
    43.898983,
    43.884739,
    43.883839,
    43.883839,
    43.872265,
    43.872265,
    43.870068,
    43.870068,
    43.868668,
    43.868668,
    43.868668,
    43.868668,
    43.868668,
    43.868668,
    43.868668,
    43.868668,
    43.868668,
    43.858112,
    43.858112,
    43.858112,
    43.856224,
    43.851715,
    43.851715,
    43.851715,
    43.834484,
