{
  "timestamp": "2026-05-11T00:18:00.883824",
  "config": {
    "population_size": 30,
    "max_generations": 1000,
    "xo_prob": 0.6,
    "mut_prob": 0.05,
    "elitesize": 2,
    "tournament_size": 3,
    "crossover_type": "uniform",
    "mutation_type": "random",
    "maximization": false,
    "save_image_every_n_gens": 100
  },
  "runtime_seconds": 100.7,
  "final_fitness": 36.377377,
  "fitness_history": [
    77.263954,
    76.793533,
    76.760452,
    75.290947,
    74.207474,
    74.053024,
    73.578926,
    72.564491,
    72.447601,
    71.967873,
    70.212006,
    70.029739,
    69.577049,
    69.413269,
    68.454086,
    67.780151,
    67.743065,
    67.13958,
    66.657555,
    66.657555,
    66.633392,
    66.174034,
    65.765816,
    65.179153,
    65.14856,
    65.14856,
    64.358566,
    64.239761,
    63.97113,
    63.580547,
    63.520248,
    63.496857,
    63.401928,
    63.401928,
    62.732605,
    62.385296,
    61.595612,
    61.428051,
    60.885799,
    60.885799,
    60.599415,
    60.599415,
    59.791569,
    59.666397,
    59.666397,
    59.665924,
    59.641548,
    59.641548,
    59.621452,
    58.636269,
    58.636269,
    58.57761,
    58.57761,
    58.219879,
    58.202164,
    58.144215,
    58.091549,
    57.598362,
    57.581558,
    57.43396,
    57.43396,
    56.996559,
    56.996559,
    56.873005,
    56.694801,
    56.088028,
    56.088028,
    56.088028,
    56.052826,
    55.719883,
    55.719883,
    55.719883,
    55.670368,
    55.667198,
    55.512669,
    55.512669,
    55.352634,
    54.986099,
    54.986099,
    54.986099,
    54.986099,
    54.985302,
    54.810684,
    54.65839,
    54.538208,
    54.427044,
    54.247959,
    54.243515,
    54.210693,
    54.118332,
    53.935528,
    53.781906,
    53.781906,
    53.581154,
    53.581154,
    53.271603,
    53.271603,
    53.154316,
    53.078236,
    53.032104,
    52.991611,
    52.696308,
    52.696308,
    52.666557,
    52.642113,
    52.642113,
    52.537235,
    52.51593,
    52.319405,
    52.275604,
    52.26519,
    51.963249,
    51.963249,
    51.963249,
    51.30191,
    51.30191,
    51.30191,
    51.257751,
    51.257751,
    51.257751,
    51.257751,
    51.125992,
    51.125992,
    51.112644,
    51.050377,
    51.050377,
    51.050377,
    51.050377,
    50.907463,
    50.904808,
    50.875523,
    50.875523,
    50.336632,
    50.336632,
    50.238232,
    50.238232,
    50.238232,
    50.181126,
    50.181126,
    50.181126,
    50.18074,
    49.885342,
    49.885342,
    49.860043,
    49.703526,
    49.703526,
    49.703526,
    49.701138,
    49.701138,
    49.701138,
    49.701138,
    49.673244,
    49.671501,
    49.54443,
    49.54443,
    49.54443,
    49.525436,
    49.450531,
    49.450531,
    49.223537,
    49.222519,
    49.221737,
    49.205009,
    49.003326,
    49.003326,
    49.003326,
    49.003326,
    48.976334,
    48.809601,
    48.785667,
    48.783279,
    48.772392,
    48.772392,
    48.628643,
    48.588348,
    48.464737,
    48.464737,
    48.464737,
    48.373676,
    48.373466,
    48.373466,
    48.373466,
    48.373466,
    47.922623,
    47.922623,
    47.92231,
    47.856556,
    47.806854,
    47.572582,
    47.572582,
    47.572582,
    47.562428,
    47.526665,
    47.423702,
    47.423702,
    47.421539,
    47.418617,
    47.418617,
    47.382401,
    47.382401,
    47.382401,
    47.280422,
    47.273777,
    47.273777,
    47.273777,
    47.242332,
    47.147415,
    47.111538,
    47.111538,
    47.111538,
    47.062344,
    47.062344,
    47.050407,
    47.050407,
    47.050293,
    47.047161,
    47.047161,
    46.999615,
    46.999615,
    46.999451,
    46.999451,
    46.995277,
    46.922115,
    46.922115,
    46.867214,
    46.721458,
    46.721458,
    46.618027,
    46.618027,
    46.494804,
    46.494804,
    46.407913,
    46.407913,
    46.357319,
    46.20055,
    46.20055,
    46.20055,
    46.20055,
    46.20055,
    46.20055,
    46.194447,
    46.171761,
    46.171761,
    46.103485,
    46.051891,
    46.051891,
    45.985687,
    45.975616,
    45.975616,
    45.975616,
    45.945114,
    45.945114,
    45.923634,
    45.923634,
    45.923634,
    45.898525,
    45.892876,
    45.889183,
    45.882484,
    45.871487,
    45.771065,
    45.771065,
    45.765522,
    45.765522,
    45.702698,
    45.702698,
    45.702698,
    45.702698,
    45.702072,
    45.695114,
    45.490429,
    45.490429,
    45.195713,
    45.195713,
    44.990932,
    44.990932,
    44.987389,
    44.987389,
    44.987389,
    44.982716,
    44.963722,
    44.963722,
    44.946045,
    44.943821,
    44.943821,
    44.937344,
    44.937344,
    44.932461,
    44.931324,
    44.929127,
    44.789291,
    44.789291,
    44.781597,
    44.781597,
    44.708935,
    44.708935,
    44.708935,
    44.645596,
    44.645596,
    44.592167,
    44.591248,
    44.591248,
    44.528442,
    44.508591,
    44.507801,
    44.507801,
    44.445316,
    44.445316,
    44.296558,
    44.296558,
    44.296558,
    44.296558,
    44.296558,
    44.296558,
    44.269501,
    44.142189,
    44.142189,
    44.142189,
    44.142189,
    44.142189,
    44.142189,
    43.986782,
    43.9118,
    43.902283,
    43.89819,
    43.89819,
    43.89819,
    43.89819,
    43.879597,
    43.879597,
    43.879597,
    43.874176,
    43.874176,
    43.874176,
    43.874176,
    43.865021,
    43.816525,
    43.816525,
    43.739777,
    43.739777,
    43.647232,
    43.568123,
    43.522324,
    43.502262,
    43.502262,
    43.43832,
    43.432858,
    43.406494,
    43.377518,
    43.377518,
    43.377518,
    43.342892,
    43.342892,
    43.342892,
    43.324596,
    43.289719,
    43.289719,
    43.289719,
    43.289719,
    43.289719,
    43.288422,
    43.263451,
    43.183098,
    43.172039,
    43.159626,
    43.159626,
    43.159626,
    43.159626,
    43.099579,
    43.098606,
    42.957844,
    42.957844,
    42.957417,
    42.92028,
    42.92028,
    42.859848,
    42.856354,
    42.856354,
    42.856354,
    42.856354,
    42.848782,
    42.848782,
    42.848782,
    42.832417,
    42.832417,
    42.820232,
    42.702431,
    42.702431,
    42.702431,
    42.697338,
    42.654469,
    42.604786,
    42.597733,
    42.597733,
    42.566769,
    42.562473,
    42.538544,
    42.538544,
    42.538544,
    42.538544,
    42.538544,
    42.538544,
    42.538544,
    42.538544,
    42.492672,
    42.492558,
    42.259453,
    42.259369,
    42.253139,
    42.236168,
    42.236168,
    42.236168,
    42.229843,
    42.229843,
    42.229843,
    42.229843,
    42.229843,
    42.229843,
    42.216118,
    42.203171,
    42.203171,
    42.184822,
    42.172726,
    42.154537,
    42.154537,
    42.154537,
    42.154537,
    42.154537,
    42.141434,
    42.141434,
    42.141434,
    42.141434,
    42.104797,
    42.027893,
    42.021229,
    42.021229,
    42.021229,
    41.989578,
    41.989578,
    41.989578,
    41.989578,
    41.989578,
    41.971752,
    41.966743,
    41.93639,
    41.93639,
    41.861607,
    41.861607,
    41.861607,
    41.861607,
    41.861607,
    41.858929,
    41.858929,
    41.836555,
    41.836555,
    41.836555,
    41.829773,
    41.757072,
    41.757072,
    41.75465,
    41.75465,
    41.75465,
    41.748375,
    41.722622,
    41.70866,
    41.70866,
    41.70866,
    41.70866,
    41.70866,
    41.70866,
    41.707279,
    41.696278,
    41.696278,
    41.696278,
    41.696278,
    41.656219,
    41.656219,
    41.656219,
    41.656219,
    41.656219,
    41.656219,
    41.656219,
    41.656219,
    41.656219,
    41.656219,
    41.63089,
    41.619755,
    41.619755,
    41.619755,
    41.619755,
    41.619755,
    41.619755,
    41.619755,
    41.619755,
    41.619755,
    41.61694,
    41.61694,
    41.587349,
    41.587349,
    41.587349,
    41.583675,
    41.583675,
    41.582573,
    41.582573,
    41.461658,
    41.461658,
    41.461658,
    41.392536,
