{
  "timestamp": "2026-05-11T21:59:58.161346",
  "algorithm": "simulated_annealing",
  "config": {
    "C": 10.0,
    "L": 150,
    "H": 1.05,
    "max_iter": 200,
    "maximization": false,
    "save_every_n_steps": 1500,
    "seed": 0,
    "algorithm": "SA"
  },
  "runtime_seconds": 110.31,
  "final_fitness": 38.923054,
  "fitness_history": [
    72.96553,
    72.96553,
    72.519241,
    72.519241,
    72.519241,
    72.519241,
    72.513672,
    72.513672,
    72.513672,
    72.513672,
    72.513672,
    72.513672,
    72.513672,
    72.513672,
    72.513672,
    72.513672,
    72.513672,
    72.513672,
    72.513672,
    72.513672,
    72.513672,
    72.513672,
    72.513672,
    72.513672,
    72.513672,
    72.513672,
    72.513672,
    72.513672,
    72.513672,
    72.513672,
    72.513672,
    72.513672,
    72.513672,
    72.513672,
    72.513672,
    72.513672,
    72.513672,
    72.513672,
    72.513672,
    72.513672,
    72.513672,
    72.513672,
    72.513672,
    72.513672,
    72.513672,
    72.513672,
    72.513672,
    72.513672,
    72.513672,
    72.513672,
    72.513672,
    72.513672,
    72.513672,
    72.513672,
    72.513672,
    72.513672,
    72.513672,
    72.513672,
    72.513672,
    72.513672,
    72.360283,
    71.504639,
    71.110909,
    70.907043,
    70.907043,
    70.907043,
    70.907043,
    70.907043,
    70.907043,
    70.907043,
    70.907043,
    70.907043,
    70.907043,
    69.03875,
    69.03875,
    69.037109,
    68.646652,
    68.465813,
    68.115326,
    67.627991,
    66.955559,
    65.920738,
    65.920738,
    65.875061,
    65.602669,
    65.602669,
    65.176727,
    64.557617,
    64.31501,
    64.31501,
    64.187027,
    63.247643,
    62.492195,
    62.44627,
    61.937874,
    60.646755,
    60.068478,
    59.586067,
    59.376259,
    59.237537,
    59.120247,
    58.722691,
    58.400158,
    57.825603,
    57.541187,
    57.479214,
    57.404633,
    56.743393,
    56.145905,
    56.051834,
    55.67078,
    55.203995,
    54.927448,
    54.40099,
    53.720001,
    53.352543,
    53.274929,
    53.143867,
    52.863598,
    52.796497,
    52.22271,
    52.024849,
    51.450752,
    51.116051,
    51.116051,
    51.061714,
    50.877361,
    50.589367,
    50.52235,
    50.117424,
    50.034801,
    49.769791,
    49.661133,
    49.614285,
    49.494926,
    48.6231,
    48.372074,
    48.197212,
    47.981972,
    47.837322,
    47.695316,
    47.299625,
    47.21611,
    47.148228,
    46.93116,
    46.759354,
    46.606422,
    46.526329,
    46.203037,
    45.986839,
    45.752285,
    45.642323,
    45.356155,
    45.050438,
    44.954243,
    44.830437,
    44.746395,
    44.630173,
    44.538525,
    44.408974,
    44.218204,
    43.860138,
    43.706154,
    43.598835,
    43.586723,
    43.452087,
    43.437618,
    43.212841,
    43.212841,
    43.054131,
    42.905945,
    42.678364,
    42.257175,
    41.754642,
    41.668831,
    41.560265,
    41.511814,
    41.191326,
    41.08276,
    40.904758,
    40.693611,
    40.638187,
    40.449791,
    40.403381,
    40.367851,
    40.233646,
    40.040245,
    39.898338,
    39.85445,
    39.687275,
    39.589104,
    39.556541,
    39.483948,
    39.364754,
    39.200974,
    39.141697,
    39.023643,
    38.988979,
    38.944576,
    38.923054
  ],
  "n_outer_cycles": 200
}