{
  "timestamp": "2026-05-10T23:59:38.814010",
  "config": {
    "population_size": 30,
    "max_generations": 1000,
    "xo_prob": 0.8,
    "mut_prob": 0.05,
    "elitesize": 2,
    "tournament_size": 3,
    "crossover_type": "uniform",
    "mutation_type": "random",
    "maximization": false,
    "save_image_every_n_gens": 100
  },
  "runtime_seconds": 102.13,
  "final_fitness": 40.978497,
  "fitness_history": [
    74.444832,
    74.444832,
    72.503738,
    71.069267,
    69.977165,
    69.977165,
    68.223984,
    67.564774,
    67.564774,
    65.760483,
    65.760483,
    65.528671,
    65.380493,
    65.231552,
    64.848091,
    64.766922,
    63.812347,
    63.812347,
    63.812347,
    63.641613,
    63.388382,
    63.255432,
    61.832527,
    61.832527,
    61.085239,
    60.94614,
    60.761047,
    60.643562,
    60.618954,
    60.618954,
    60.374882,
    60.374882,
    60.374882,
    59.875038,
    59.875038,
    59.785954,
    59.785954,
    59.683926,
    59.663517,
    59.481018,
    59.127678,
    59.127678,
    59.127678,
    59.047451,
    58.866306,
    58.814739,
    58.814739,
    58.62912,
    58.62912,
    58.62912,
    58.345276,
    58.345276,
    58.078445,
    57.978809,
    57.716209,
    57.716209,
    57.589989,
    56.943607,
    56.943607,
    56.943607,
    56.490913,
    56.490913,
    56.490913,
    56.164799,
    56.133099,
    56.133099,
    56.133099,
    55.957848,
    55.957848,
    55.871445,
    55.871445,
    55.813255,
    55.813255,
    55.667332,
    55.667332,
    55.549484,
    55.547249,
    55.376518,
    55.269745,
    55.233463,
    55.232117,
    55.107601,
    55.107601,
    55.107601,
    55.107601,
    55.107601,
    54.99271,
    54.765427,
    54.765324,
    54.516006,
    54.516006,
    54.393532,
    54.393532,
    54.179836,
    54.179836,
    54.179836,
    54.179836,
    54.095127,
    54.095127,
    54.095127,
    54.095127,
    54.025684,
    53.914429,
    53.914429,
    53.825249,
    53.781628,
    53.562996,
    53.562996,
    53.34742,
    53.327385,
    53.327385,
    53.327385,
    53.271332,
    53.271332,
    53.179237,
    53.179237,
    53.166367,
    53.161976,
    53.112377,
    53.112377,
    53.112377,
    53.112377,
    53.099911,
    53.099911,
    53.099911,
    53.01453,
    52.919334,
    52.919334,
    52.919334,
    52.919334,
    52.919334,
    52.866333,
    52.781975,
    52.781185,
    52.711494,
    52.711494,
    52.448463,
    52.448463,
    52.448463,
    52.448463,
    52.448463,
    52.448463,
    52.448463,
    52.356094,
    52.356094,
    52.208847,
    52.208847,
    52.208847,
    52.208847,
    52.208847,
    52.208847,
    52.138557,
    52.003235,
    51.953922,
    51.953922,
    51.953922,
    51.683392,
    51.683392,
    51.683392,
    51.626846,
    51.5928,
    51.5928,
    51.539013,
    51.539013,
    51.473827,
    51.422909,
    51.383469,
    51.237877,
    51.237877,
    51.237877,
    51.237877,
    51.161728,
    51.161728,
    50.997646,
    50.997646,
    50.997646,
    50.963078,
    50.963078,
    50.896378,
    50.482647,
    50.482647,
    50.432873,
    50.39521,
    50.39521,
    50.39521,
    50.39521,
    50.313229,
    50.313229,
    50.313229,
    50.308277,
    50.235512,
    50.235512,
    50.235512,
    49.945503,
    49.945503,
    49.945503,
    49.820515,
    49.820515,
    49.786716,
    49.786716,
    49.674667,
    49.642941,
    49.642941,
    49.473,
    49.473,
    49.473,
    49.473,
    49.392052,
    49.392052,
    49.392052,
    49.392052,
    49.392052,
    49.38131,
    49.38131,
    49.236423,
    49.236423,
    49.236423,
    49.129265,
    49.129265,
    49.129265,
    49.129265,
    49.129265,
    49.129265,
    49.129265,
    49.129265,
    49.104084,
    49.104084,
    49.021729,
    49.021729,
    49.021729,
    49.014938,
    48.954269,
    48.939522,
    48.939522,
    48.872463,
    48.872463,
    48.825069,
    48.825069,
    48.825069,
    48.825069,
    48.825069,
    48.825069,
    48.822891,
    48.814396,
    48.767227,
    48.764744,
    48.764744,
    48.764744,
    48.624649,
    48.610806,
    48.610806,
    48.514893,
    48.514893,
    48.475372,
    48.435429,
    48.435429,
    48.435429,
    48.384174,
    48.384174,
    48.360176,
    48.360176,
    48.360176,
    48.360176,
    48.159729,
    48.018196,
    48.018196,
    48.018196,
    48.015675,
    48.015675,
    47.995983,
    47.995983,
    47.995983,
    47.995983,
    47.995983,
    47.995983,
    47.995983,
    47.963703,
    47.92049,
    47.92049,
    47.92049,
    47.909508,
    47.909508,
    47.909508,
    47.809296,
    47.809296,
    47.809296,
    47.809296,
    47.809296,
    47.808826,
    47.725555,
    47.725555,
    47.725555,
    47.725555,
    47.725555,
    47.711002,
    47.652935,
    47.652935,
    47.632317,
    47.632317,
    47.632317,
    47.632317,
    47.632317,
    47.632317,
    47.584732,
    47.584732,
    47.584732,
    47.584732,
    47.584732,
    47.584732,
    47.558456,
    47.558456,
    47.558456,
    47.558456,
    47.529266,
    47.529266,
    47.529266,
    47.529266,
    47.529266,
    47.529266,
    47.529266,
    47.529266,
    47.529266,
    47.428646,
    47.428646,
    47.366863,
    47.363869,
    47.295837,
    47.274136,
    47.274136,
    47.274136,
    47.274136,
    47.274136,
    47.274136,
    47.274136,
    47.274136,
    47.274136,
    47.274136,
    47.274136,
    47.274136,
    47.274136,
    47.274136,
    47.26585,
    47.265053,
    47.265053,
    47.265053,
    47.23164,
    47.23164,
    47.214916,
    47.214916,
    47.145725,
    47.136169,
    47.136169,
    47.136169,
    47.071175,
    47.053043,
    47.053043,
    47.053043,
    47.053043,
    47.053043,
    47.053043,
    47.053043,
    47.043991,
    47.015991,
    46.987728,
    46.987728,
    46.987728,
    46.909184,
    46.909184,
    46.909184,
    46.80257,
    46.80257,
    46.80257,
    46.80257,
    46.80257,
    46.80257,
    46.80257,
    46.789299,
    46.770161,
    46.749458,
    46.749458,
    46.749458,
    46.749458,
    46.749458,
    46.732445,
    46.732445,
    46.715282,
    46.612835,
    46.612835,
    46.612835,
    46.612835,
    46.612835,
    46.612835,
    46.612835,
    46.612835,
    46.612835,
    46.612835,
    46.612835,
    46.612835,
    46.612835,
    46.599934,
    46.599934,
    46.462097,
    46.462097,
    46.462097,
    46.462097,
    46.462097,
    46.462097,
    46.462097,
    46.394505,
    46.394505,
    46.394505,
    46.394505,
    46.389194,
    46.36591,
    46.36591,
    46.333073,
    46.304905,
    46.304905,
    46.253113,
    46.253113,
    46.253113,
    46.222912,
    46.206154,
    46.206154,
    46.206154,
    46.201885,
    46.184238,
    46.184238,
    46.155754,
    46.144142,
    46.091148,
    46.091148,
    46.091148,
    46.049023,
    46.049023,
    46.049023,
    46.039734,
    46.003445,
    45.935608,
    45.935608,
    45.935608,
    45.935608,
    45.935608,
    45.93372,
    45.910694,
    45.910694,
    45.910694,
    45.863689,
    45.863689,
    45.863689,
    45.863689,
    45.863689,
    45.863689,
    45.863689,
    45.863537,
    45.797253,
    45.797253,
    45.732117,
    45.732117,
    45.732117,
    45.732117,
    45.732117,
    45.732117,
    45.732117,
    45.731018,
    45.731018,
    45.730038,
    45.637856,
    45.637856,
    45.51091,
    45.51091,
    45.494934,
    45.494934,
    45.494934,
    45.494934,
    45.494934,
    45.494934,
    45.494934,
    45.494934,
    45.463367,
    45.463367,
    45.463367,
    45.463367,
    45.463367,
    45.463367,
    45.463367,
    45.463367,
    45.463367,
    45.463367,
    45.463367,
    45.463367,
    45.463367,
    45.463367,
    45.463367,
    45.457016,
    45.457016,
    45.457016,
    45.457016,
    45.457016,
    45.457016,
    45.429314,
    45.429314,
    45.429314,
    45.429314,
    45.397919,
    45.397919,
    45.397919,
    45.357498,
