{
  "timestamp": "2026-05-14T10:07:00.133781",
  "algorithm": "simulated_annealing",
  "config": {
    "C": 20.0,
    "L": 150,
    "H": 1.05,
    "max_iter": 200,
    "save_every_n_steps": 1000
  },
  "runtime_seconds": 754.47,
  "final_fitness": 33.051941,
  "fitness_history": [
    75.857315,
    74.94149,
    74.94149,
    74.94149,
    74.94149,
    74.94149,
    74.94149,
    74.94149,
    74.94149,
    74.94149,
    74.94149,
    74.94149,
    74.94149,
    74.94149,
    74.94149,
    74.94149,
    74.94149,
    74.94149,
    74.94149,
    74.94149,
    74.94149,
    74.94149,
    74.94149,
    74.94149,
    74.94149,
    74.94149,
    74.94149,
    74.94149,
    74.94149,
    74.94149,
    74.94149,
    74.94149,
    74.94149,
    74.94149,
    74.94149,
    74.94149,
    74.94149,
    74.94149,
    74.94149,
    74.94149,
    74.94149,
    74.94149,
    74.94149,
    74.94149,
    74.94149,
    74.94149,
    74.94149,
    74.94149,
    74.94149,
    74.94149,
    74.94149,
    74.94149,
    74.94149,
    74.94149,
    74.94149,
    74.94149,
    74.94149,
    74.94149,
    74.94149,
    74.94149,
    74.94149,
    74.94149,
    74.94149,
    74.94149,
    74.94149,
    74.94149,
    74.94149,
    74.94149,
    74.94149,
    74.94149,
    74.94149,
    74.94149,
    74.94149,
    74.94149,
    74.94149,
    74.94149,
    74.94149,
    74.94149,
    73.841331,
    73.032585,
    73.032585,
    73.032585,
    71.568489,
    69.669418,
    68.776543,
    68.776543,
    68.776543,
    68.776543,
    68.776543,
    68.776543,
    68.776543,
    68.776543,
    68.776543,
    68.776543,
    68.634193,
    67.446266,
    66.486015,
    65.613945,
    65.593819,
    65.593819,
    65.593819,
    64.714066,
    64.268555,
    63.610882,
    63.571857,
    62.738968,
    61.770626,
    61.316113,
    60.495667,
    60.019409,
    59.913391,
    59.448086,
    58.770676,
    58.498276,
    58.082775,
    57.703167,
    56.700306,
    56.698135,
    56.344891,
    55.449757,
    55.050861,
    54.402832,
    53.940826,
    53.051937,
    52.162289,
    51.734222,
    51.530468,
    51.423233,
    50.829514,
    50.292419,
    49.949844,
    49.801735,
    49.583157,
    49.155876,
    48.651608,
    48.294628,
    47.983448,
    47.686367,
    47.059376,
    46.957664,
    46.520096,
    46.137131,
    45.891071,
    45.736923,
    45.594635,
    45.289932,
    44.919033,
    44.725647,
    44.507156,
    44.307026,
    44.091602,
    43.840931,
    43.564564,
    43.378746,
    43.096554,
    42.86718,
    42.652744,
    42.392746,
    41.929722,
    41.691406,
    41.481716,
    41.314117,
    40.786423,
    40.084305,
    39.802502,
    39.61491,
    39.400974,
    38.939178,
    38.683403,
    38.485867,
    38.158962,
    37.868191,
    37.75909,
    37.535587,
    37.171429,
    36.986458,
    36.876789,
    36.624676,
    36.484325,
    36.37011,
    36.024902,
    35.662819,
    35.497581,
    35.337265,
    35.193836,
    34.986454,
    34.841152,
    34.743809,
    34.522915,
    34.327213,
    34.225269,
    34.104752,
    34.003681,
    33.787861,
    33.615704,
    33.447483,
    33.357071,
    33.260052,
    33.156673,
    33.051941
  ],
  "n_outer_cycles": 200,
  "best_repr": [
    72,
    300,
    250,
    345,
    213,
    374,
    195,
    210,
    216,
    94,
    226,
    79,
    19,
    228,
    286,
    332,
    98,
    126,
    158,
    207,
    209,
    378,
    203,
    400,
    128,
    114,
    77,
    112,
    45,
    9,
    138,
    110,
    46,
    127,
    132,
    89,
    213,
    165,
    166,
    150,
    45,
    236,
    259,
    345,
    138,
    168,
    37,
    253,
    6,
    35,
    202,
    168,
    97,
    167,
    197,
    334,
    0,
    239,
    227,
    99,
    300,
    342,
    222,
    43,
    177,
    181,
    37,
    38,
    40,
    243,
    292,
    51,
    300,
    38,
    173,
    262,
    38,
    16,
    234,
    0,
    191,
    297,
    143,
    0,
    58,
    67,
    154,
    180,
    132,
    255,
    212,
    168,
    37,
    280,
    193,
    374,
    222,
    35,
    3,
    0,
    276,
    88,
    300,
    17,
    177,
    207,
    80,
    193,
    255,
    13,
    240,
    322,
    12,
    141,
    263,
    226,
    157,
    210,
    7,
    230,
    129,
    0,
    222,
    366,
    216,
    11,
    90,
    76,
    13,
    54,
    64,
    400,
    165,
    379,
    88,
    252,
    255,
    155,
    116,
    231,
    280,
    209,
    197,
    234,
    269,
    182,
    71,
    37,
    27,
    20,
    220,
    328,
    242,
    167,
    300,
    18,
    255,
    231,
    137,
    5,
    148,
    20,
    90,
    353,
    218,
    179,
    156,
    64,
    69,
    9,
    0,
    280,
    219,
    82,
    0,
    131,
    97,
    114,
    69,
    87,
    33,
    69,
    236,
    249,
    82,
    25,
    101,
    85,
    217,
    150,
    94,
    58,
    146,
    0,
    210,
    42,
    219,
    151,
    111,
    190,
    245,
    136,
    119,
    232,
    213,
    101,
    206,
    117,
    19,
    221,
    223,
    65,
    0,
    335,
    110,
    203,
    75,
    36,
    34,
    140,
    144,
    178,
    31,
    228,
    205,
    133,
    180,
    170,
    219,
    168,
    79,
    264,
    189,
    331,
    119,
    347,
    225,
    176,
    250,
    7,
    300,
    381,
    136,
    308,
    300,
    91,
    137,
    75,
    92,
    55,
    190,
    75,
    198,
    320,
    279,
    400,
    106,
    151,
    49,
    27,
    68,
    145,
    88,
    118,
    116,
    186,
    88,
    218,
    152,
    26,
    140,
    359,
    114,
    0,
    262,
    400,
    226,
    247,
    166,
    40,
    292,
    325,
    186,
    97,
    231,
    85,
    200,
    190,
    122,
    81,
    187,
    224,
    297,
    320,
    19,
    195,
    81,
    204,
    234,
    78,
    300,
    0,
    181,
    306,
    139,
    57,
    135,
    34,
    255,
    3,
    58,
    254,
    130,
    8,
    203,
    16,
    209,
    212,
    202,
    158,
    194,
    362,
    247,
    105,
    181,
    222,
    109,
    17,
    34,
    62,
    230,
    106,
    176,
    326,
    278,
    9,
    55,
    132,
    233,
    0,
    217,
    132,
    113,
    361,
    117,
    273,
    178,
    214,
    16,
    13,
    34,
    239,
    157,
    121,
    148,
    227,
    110,
    179,
    127,
    67,
    130,
    351,
    149,
    313,
    222,
    189,
    85,
    75,
    250,
    192,
    106,
    98,
    251,
    201,
    257,
    87,
    37,
    77,
    34,
    170,
    124,
    351,
    136,
    164,
    147,
    272,
    124,
    91,
    47,
    157,
    282,
    293,
    300,
    0,
    193,
    134,
    150,
    214,
    133,
    20,
    0,
    400,
    229,
    241,
    24,
    95,
    152,
    146,
    88,
    53,
    106,
    261,
    300,
    321,
    64,
    27,
    173,
    180,
    164,
    172,
    34,
    46,
    13,
    35,
    235,
    201,
    22,
    164,
    104,
    19,
    56,
    400,
    55,
    325,
    159,
    379,
    210,
    84,
    117,
    106,
    59,
    204,
    140,
    222,
    182,
    150,
    255,
    183,
    212,
    26,
    204,
    123,
    200,
    18,
    224,
    52,
    66,
    49,
    196,
    27,
    173,
    277,
    77,
    101,
    96,
    45,
    100,
    22,
    67,
    0,
    254,
    400,
    160,
    400,
    103,
    261,
    110,
    90,
    69,
    197,
    50,
    400,
    128,
    84,
    165,
    400,
    145,
    144,
    92,
    234,
    228,
    9,
    192,
    45,
    118,
    104,
    60,
    77,
    126,
    0,
    68,
    51,
    23,
    91,
    126,
    337,
    59,
    210,
    209,
    255,
    158,
    274,
    215,
    344,
    160,
    188,
    0,
    95,
    2,
    241,
    0,
    20,
    297,
    166,
    0,
    61,
    151,
    161,
    216,
    13,
    233,
    237,
    213,
    134,
    30,
    93,
    254,
    117,
    219,
    162,
    114,
    89,
    85,
    269,
    147,
    246,
    112,
    153,
    39,
    155,
    174,
    127,
