{
  "timestamp": "2026-05-15T15:21:37.472500",
  "algorithm": "simulated_annealing",
  "config": {
    "C": 10.0,
    "L": 100,
    "H": 1.05,
    "max_iter": 60,
    "save_every_n_steps": 500
  },
  "runtime_seconds": 137.92,
  "final_fitness": 25.324146,
  "fitness_history": [
    25.324146,
    25.324146,
    25.324146,
    25.324146,
    25.324146,
    25.324146,
    25.324146,
    25.324146,
    25.324146,
    25.324146,
    25.324146,
    25.324146,
    25.324146,
    25.324146,
    25.324146,
    25.324146,
    25.324146,
    25.324146,
    25.324146,
    25.324146,
    25.324146,
    25.324146,
    25.324146,
    25.324146,
    25.324146,
    25.324146,
    25.324146,
    25.324146,
    25.324146,
    25.324146,
    25.324146,
    25.324146,
    25.324146,
    25.324146,
    25.324146,
    25.324146,
    25.324146,
    25.324146,
    25.324146,
    25.324146,
    25.324146,
    25.324146,
    25.324146,
    25.324146,
    25.324146,
    25.324146,
    25.324146,
    25.324146,
    25.324146,
    25.324146,
    25.324146,
    25.324146,
    25.324146,
    25.324146,
    25.324146,
    25.324146,
    25.324146,
    25.324146,
    25.324146,
    25.324146
  ],
  "n_outer_cycles": 60,
  "best_repr": [
    109,
    400,
    34,
    400,
    257,
    138,
    236,
    220,
    96,
    139,
    215,
    289,
    248,
    243,
    246,
    186,
    52,
    94,
    156,
    134,
    62,
    38,
    170,
    268,
    272,
    0,
    173,
    151,
    94,
    44,
    129,
    32,
    6,
    126,
    259,
    230,
    67,
    198,
    215,
    0,
    82,
    343,
    283,
    106,
    189,
    305,
    138,
    137,
    18,
    0,
    191,
    393,
    226,
    305,
    209,
    139,
    98,
    201,
    143,
    0,
    245,
    38,
    148,
    378,
    36,
    4,
    32,
    0,
    34,
    21,
    216,
    278,
    156,
    120,
    0,
    400,
    88,
    117,
    58,
    51,
    149,
    395,
    121,
    248,
    91,
    26,
    12,
    122,
    40,
    90,
    250,
    137,
    269,
    239,
    218,
    368,
    143,
    100,
    112,
    98,
    177,
    229,
    195,
    84,
    250,
    170,
    154,
    79,
    106,
    155,
    49,
    245,
    160,
    400,
    119,
    69,
    255,
    181,
    132,
    140,
    232,
    229,
    266,
    190,
    178,
    196,
    211,
    32,
    127,
    61,
    50,
    95,
    246,
    350,
    239,
    147,
    223,
    208,
    173,
    255,
    63,
    40,
    226,
    35,
    17,
    128,
    183,
    188,
    186,
    119,
    261,
    160,
    175,
    0,
    95,
    75,
    204,
    162,
    127,
    255,
    9,
    400,
    204,
    283,
    30,
    89,
    149,
    199,
    248,
    8,
    195,
    51,
    169,
    400,
    32,
    400,
    214,
    153,
    177,
    65,
    54,
    42,
    247,
    79,
    94,
    50,
    53,
    25,
    127,
    44,
    0,
    400,
    232,
    0,
    0,
    0,
    144,
    132,
    48,
    49,
    226,
    400,
    107,
    400,
    256,
    239,
    137,
    129,
    74,
    112,
    265,
    150,
    92,
    137,
    204,
    89,
    163,
    0,
    133,
    59,
    289,
    352,
    237,
    144,
    53,
    80,
    66,
    129,
    102,
    30,
    0,
    288,
    27,
    149,
    0,
    13,
    132,
    144,
    89,
    19,
    132,
    175,
    261,
    196,
    220,
    53,
    226,
    255,
    160,
    70,
    116,
    68,
    217,
    0,
    161,
    247,
    61,
    80,
    55,
    67,
    67,
    44,
    201,
    133,
    213,
    152,
    134,
    0,
    242,
    63,
    52,
    49,
    61,
    400,
    158,
    371,
    213,
    149,
    107,
    156,
    15,
    152,
    27,
    204,
    70,
    209,
    185,
    223,
    218,
    168,
    161,
    164,
    140,
    144,
    203,
    214,
    190,
    91,
    87,
    5,
    61,
    144,
    248,
    370,
    266,
    318,
    134,
    161,
    220,
    122,
    30,
    141,
    69,
    12,
    236,
    161,
    90,
    160,
    168,
    61,
    125,
    45,
    300,
    324,
    145,
    312,
    233,
    198,
    103,
    131,
    63,
    296,
    156,
    276,
    224,
    24,
    255,
    243,
    216,
    50,
    117,
    10,
    64,
    400,
    213,
    6,
    255,
    214,
    191,
    44,
    242,
    323,
    242,
    249,
    55,
    400,
    180,
    61,
    96,
    18,
    250,
    150,
    300,
    327,
    88,
    99,
    80,
    101,
    150,
    128,
    18,
    179,
    30,
    84,
    253,
    185,
    236,
    197,
    197,
    214,
    45,
    53,
    270,
    249,
    180,
    273,
    255,
    0,
    0,
    38,
    169,
    138,
    138,
    134,
    76,
    88,
    255,
    155,
    178,
    85,
    46,
    162,
    145,
    16,
    107,
    157,
    162,
    105,
    38,
    185,
    300,
    400,
    300,
    76,
    100,
    400,
    158,
    184,
    133,
    46,
    257,
    101,
    279,
    361,
    211,
    100,
    0,
    0,
    91,
    85,
    139,
    183,
    209,
    334,
    137,
    150,
    95,
    0,
    214,
    214,
    0,
    245,
    159,
    334,
    30,
    73,
    141,
    170,
    45,
    9,
    137,
    355,
    9,
    197,
    119,
    367,
    34,
    255,
    138,
    0,
    16,
    312,
    86,
    61,
    0,
    159,
    168,
    149,
    187,
    11,
    20,
    72,
    242,
    167,
    152,
    0,
    199,
    210,
    157,
    148,
    259,
    400,
    37,
    325,
    211,
    228,
    237,
    0,
    0,
    0,
    37,
    394,
    78,
    359,
    193,
    200,
    103,
    116,
    65,
    107,
    131,
    265,
    0,
    233,
    70,
    329,
    79,
    255,
    182,
    12,
    0,
    269,
    13,
    353,
    171,
    194,
    41,
    31,
    15,
    255,
    186,
    317,
    244,
    167,
    147,
    22,
    63,
    67,
    92,
    80,
    201,
    117,
    227,
    358,
    160,
    320,
    20,
    49,
    38,
    237,
    285,
    169,
    141,
    344,
    121,
    193,
    230,
    87,
    142,
    0,
    158,
    100,
    157,
    206,
    70,
    63,
    83,
    121,
    118,
    255,
    37,
    227,
    143,
    135,
    83,
    315,
    255,
    255,
    248,
    39,
    24,
    77,
    38,
    262,
    168,
    0,
    225,
    214,
    187,
    96,
    270,
    292,
    300,
    0,
    74,
    109,
    77,
    65,
    40,
    98,
    48,
    84,
    143,
    252,
    85,
    296,
    255,
    255,
    240,
    127,
    0,
    306,
    137,
    400,
    0,
    149,
    121,
    92,
    117,
    0,
    22,
    220,
    226,
    40,
    73,
    92,
    45,
    0,
    102,
    38,
    255,
    243,
    68,
    390,
    212,
    71,
    255,
    202,
    135,
    209,
    49,
    257,
    0,
    139,
    0,
    0,
    234,
    131,
    205,
    14,
    0,
    78,
    144,
    0,
    226,
    274,
    110,
    105,
    255,
    29,
    254,
    400,
    28,
    377,
    172,
    243,
    108,
    0,
    0,
    58,
    115,
    287,
    300,
    340,
    270,
    241,
    255,
    208,
    248,
    72,
    67,
    224,
    35,
    80,
    237,
    216,
    29,
    238,
    186,
    0,
    217,
    173,
    101,
    27,
    185,
    263,
    156,
    71,
    141,
    0,
    25,
    212,
    299,
    306,
    259,
    148,
    250,
    190,
    101,
    0,
    65,
    349,
    95,
    217,
    8,
    377,
    15,
    1,
    0,
    106,
    60,
    164,
    0,
    28,
    242,
    338,
    30,
    127,
    72,
    16,
    12,
    34,
    168,
    218,
    134,
    41,
    95,
    203,
    255,
    40,
    54,
    170,
    157,
    158,
    255,
    123,
    179,
    255,
    143,
    0,
    229,
    234,
    135,
    26,
    103,
    243,
    80,
    99,
    140,
    74,
    219,
    317,
    115,
    324,
    206,
    107,
    0,
    2,
    0,
    209,
    16,
    218,
    37,
    69,
    150,
    165,
    255,
    185,
    152,
    96,
    35,
    173,
    217,
    48,
    38,
    365,
    37,
    26,
    0,
    102,
    171,
    225,
    124,
    55,
    69,
    262,
    127,
    103,
    255,
    0,
    220,
    73,
