{
  "timestamp": "2026-05-11T20:03:10.657958",
  "config": {
    "population_size": 30,
    "max_generations": 1000,
    "xo_prob": 0.8,
    "mut_prob": 0.05,
    "elitesize": 2,
    "tournament_size": 3,
    "crossover_type": "uniform",
    "mutation_type": "vertex_shift",
    "maximization": false,
    "save_image_every_n_gens": 100
  },
  "runtime_seconds": 102.75,
  "final_fitness": 51.40712,
  "fitness_history": [
    79.723709,
    76.866646,
    74.708344,
    74.596664,
    73.245293,
    71.526871,
    71.526245,
    70.641602,
    70.39978,
    70.05101,
    69.057457,
    68.144257,
    68.144257,
    67.75721,
    67.47821,
    66.963089,
    66.735596,
    66.095284,
    66.050835,
    65.987045,
    65.437531,
    65.249245,
    64.817894,
    64.78112,
    64.704102,
    64.604614,
    64.442329,
    64.4123,
    64.317635,
    64.083237,
    63.929222,
    63.873085,
    63.791328,
    63.512348,
    63.512348,
    63.397881,
    63.357788,
    63.357788,
    63.305378,
    63.202591,
    63.052513,
    63.052513,
    62.962486,
    62.906944,
    62.821404,
    62.617237,
    62.590717,
    62.200603,
    62.002869,
    61.894306,
    61.842083,
    61.641579,
    61.562038,
    61.562038,
    61.443916,
    61.383633,
    61.381359,
    61.329426,
    61.10675,
    61.10675,
    60.950718,
    60.944607,
    60.72213,
    60.653172,
    60.642086,
    60.618099,
    60.494766,
    60.487,
    60.425758,
    60.412365,
    60.312172,
    60.312172,
    60.245968,
    60.089542,
    60.052586,
    59.969227,
    59.902039,
    59.789936,
    59.76104,
    59.713272,
    59.685959,
    59.629082,
    59.570271,
    59.570271,
    59.508194,
    59.3951,
    59.345772,
    59.313049,
    59.307381,
    59.207558,
    59.207558,
    59.187401,
    59.116959,
    59.075321,
    59.075321,
    58.999676,
    58.999676,
    58.963612,
    58.909088,
    58.909088,
    58.790665,
    58.726528,
    58.726528,
    58.654064,
    58.654064,
    58.538223,
    58.538223,
    58.538223,
    58.5033,
    58.5033,
    58.482769,
    58.464813,
    58.443638,
    58.434017,
    58.415646,
    58.406326,
    58.362389,
    58.326366,
    58.281574,
    58.281574,
    58.271721,
    58.246418,
    58.234974,
    58.197304,
    58.142982,
    58.142311,
    58.134422,
    58.081417,
    58.075989,
    58.049637,
    58.047958,
    58.037174,
    57.978619,
    57.958927,
    57.915699,
    57.915699,
    57.874943,
    57.824871,
    57.799999,
    57.74036,
    57.736763,
    57.697807,
    57.67532,
    57.615406,
    57.607513,
    57.607513,
    57.561844,
    57.561844,
    57.554722,
    57.554722,
    57.527298,
    57.527298,
    57.527298,
    57.519951,
    57.493141,
    57.493141,
    57.49136,
    57.46611,
    57.46611,
    57.440044,
    57.434456,
    57.42384,
    57.400223,
    57.383968,
    57.33942,
    57.33942,
    57.279652,
    57.246948,
    57.246948,
    57.246948,
    57.246948,
    57.238197,
    57.221691,
    57.21563,
    57.202713,
    57.175056,
    57.158623,
    57.135715,
    57.131672,
    57.09523,
    57.094242,
    57.088337,
    57.043175,
    57.027527,
    57.01548,
    57.01548,
    57.004524,
    56.990356,
    56.982574,
    56.963181,
    56.963181,
    56.904751,
    56.904751,
    56.904751,
    56.904751,
    56.880611,
    56.836208,
    56.831734,
    56.820381,
    56.801838,
    56.781178,
    56.781178,
    56.745007,
    56.708649,
    56.689739,
    56.679775,
    56.679775,
    56.641411,
    56.621101,
    56.621101,
    56.621101,
    56.603157,
    56.598911,
    56.598152,
    56.583878,
    56.574482,
    56.574482,
    56.566914,
    56.55077,
    56.55077,
    56.521046,
    56.517738,
    56.506966,
    56.49374,
    56.472809,
    56.44503,
    56.420704,
    56.418304,
    56.399208,
    56.387634,
    56.366627,
    56.33989,
    56.330368,
    56.325573,
    56.325573,
    56.300041,
    56.300041,
    56.300041,
    56.283283,
    56.281467,
    56.26754,
    56.256771,
    56.247334,
    56.247334,
    56.237217,
    56.234447,
    56.215382,
    56.19836,
    56.183571,
    56.156593,
    56.142525,
    56.142525,
    56.133701,
    56.104946,
    56.104946,
    56.104946,
    56.077732,
    56.060074,
    56.060074,
    56.055679,
    56.049591,
    56.048416,
    56.025398,
    56.023521,
    56.021046,
    56.021046,
    55.997822,
    55.997822,
    55.968605,
    55.96801,
    55.967567,
    55.954746,
    55.941296,
    55.938354,
    55.92767,
    55.915112,
    55.913792,
    55.874985,
    55.874985,
    55.874985,
    55.85973,
    55.843239,
    55.843239,
    55.8423,
    55.835655,
    55.834854,
    55.813965,
    55.803696,
    55.803581,
    55.790134,
    55.789406,
    55.711197,
    55.706581,
    55.597572,
    55.597572,
    55.585934,
    55.581188,
    55.533157,
    55.533157,
    55.533157,
    55.512669,
    55.510696,
    55.49617,
    55.49617,
    55.49538,
    55.483471,
    55.483471,
    55.450142,
    55.450142,
    55.450142,
    55.403252,
    55.403252,
    55.403252,
    55.386101,
    55.371536,
    55.371536,
    55.362267,
    55.358784,
    55.358189,
    55.343983,
    55.3344,
    55.3344,
    55.328938,
    55.325527,
    55.320789,
    55.298119,
    55.298119,
    55.286198,
    55.247715,
    55.247715,
    55.246311,
    55.236401,
    55.236401,
    55.236401,
    55.220665,
    55.211864,
    55.207554,
    55.207497,
    55.204258,
    55.202705,
    55.200146,
    55.190311,
    55.185776,
    55.185776,
    55.180786,
    55.179779,
    55.158947,
    55.128624,
    55.115108,
    55.110016,
    55.109974,
    55.109974,
    55.098133,
    55.096149,
    55.096149,
    55.089115,
    55.080986,
    55.053867,
    55.040859,
    55.038715,
    55.038715,
    55.034794,
    55.034794,
    55.031353,
    54.894035,
    54.869064,
    54.869064,
    54.869064,
    54.869064,
    54.869064,
    54.865307,
    54.83643,
    54.83643,
    54.83564,
    54.83564,
    54.831341,
    54.819611,
    54.819611,
    54.80426,
    54.797779,
    54.797779,
    54.794388,
    54.794388,
    54.794388,
    54.790215,
    54.765984,
    54.764481,
    54.763725,
    54.76017,
    54.747971,
    54.747971,
    54.738594,
    54.738594,
    54.737877,
    54.737877,
    54.73214,
    54.73214,
    54.719223,
    54.719223,
    54.715183,
    54.715183,
    54.70723,
    54.705105,
    54.65519,
    54.650192,
    54.650192,
    54.650192,
    54.641392,
    54.641392,
    54.633804,
    54.621449,
    54.621132,
    54.620586,
    54.607857,
    54.607857,
    54.605629,
    54.605534,
    54.603703,
    54.599091,
    54.595074,
    54.591774,
    54.591774,
    54.58736,
    54.583954,
    54.579586,
    54.568375,
    54.568375,
    54.557102,
    54.557102,
    54.557102,
    54.557102,
    54.547318,
    54.540901,
    54.536686,
    54.535225,
    54.525185,
    54.525185,
    54.522041,
    54.516052,
    54.516052,
    54.514603,
    54.507938,
    54.503475,
    54.499054,
    54.499054,
    54.485645,
    54.485645,
    54.483543,
    54.483353,
    54.479668,
    54.468456,
    54.468456,
    54.448658,
    54.448658,
    54.448658,
    54.448658,
    54.448658,
    54.442055,
    54.438717,
    54.435043,
    54.435043,
    54.434391,
    54.427887,
    54.427837,
    54.427429,
    54.423706,
    54.423706,
    54.419342,
    54.416214,
    54.41074,
    54.41074,
    54.4105,
    54.405655,
    54.401745,
    54.401089,
    54.394112,
    54.389744,
    54.372482,
    54.350433,
    54.349033,
    54.339645,
    54.331371,
    54.328411,
    54.326302,
    54.326302,
    54.326302,
    54.322628,
    54.322174,
    54.308083,
    54.308083,
    54.275925,
    54.275925,
    54.275925,
    54.258915,
    54.258915,
    54.258915,
    54.255535,
    54.255451,
    54.166954,
    54.151077,
    54.129387,
    54.117584,
    54.112724,
    54.112724,
    54.106678,
    54.087513,
    54.084091,
    54.083229,
    54.081085,
