{
  "timestamp": "2026-05-11T10:12:02.289923",
  "algorithm": "simulated_annealing",
  "config": {
    "C": 10.0,
    "L": 150,
    "H": 1.05,
    "max_iter": 200,
    "maximization": false,
    "save_every_n_steps": 1500,
    "seed": 4,
    "algorithm": "SA"
  },
  "runtime_seconds": 105.22,
  "final_fitness": 38.730675,
  "fitness_history": [
    91.146118,
    91.146118,
    89.94278,
    89.94278,
    86.631027,
    86.446861,
    86.446861,
    86.446861,
    86.446861,
    86.446861,
    86.446861,
    86.446861,
    86.446861,
    86.446861,
    86.446861,
    86.446861,
    86.446861,
    86.446861,
    86.446861,
    86.446861,
    86.446861,
    86.446861,
    86.446861,
    86.446861,
    86.446861,
    86.446861,
    86.446861,
    86.446861,
    86.446861,
    86.446861,
    86.446861,
    86.446861,
    86.446861,
    86.446861,
    86.446861,
    86.446861,
    86.446861,
    86.446861,
    86.446861,
    86.446861,
    86.446861,
    86.446861,
    86.446861,
    86.446861,
    86.446861,
    86.446861,
    86.446861,
    86.067215,
    85.833748,
    85.833748,
    85.833748,
    85.833748,
    85.833748,
    85.833748,
    85.833748,
    85.833748,
    85.051384,
    84.285812,
    84.022484,
    83.946671,
    83.621742,
    83.072472,
    82.647324,
    82.392403,
    82.392403,
    82.392403,
    81.996025,
    80.798576,
    80.798576,
    80.798576,
    80.180923,
    78.708656,
    78.708656,
    78.221642,
    77.688591,
    77.289665,
    76.374947,
    75.422318,
    74.509659,
    74.207634,
    73.474022,
    72.960007,
    72.592392,
    71.631607,
    71.250023,
    71.177147,
    70.705063,
    70.581055,
    70.366585,
    69.876587,
    69.742905,
    69.742905,
    69.071754,
    68.735893,
    68.396324,
    67.264709,
    66.38755,
    65.528969,
    64.649872,
    64.175102,
    64.175102,
    63.634159,
    63.036991,
    61.960201,
    61.960201,
    61.910492,
    61.259117,
    61.019791,
    60.77792,
    60.0574,
    59.840683,
    59.564793,
    59.443951,
    59.372944,
    59.372486,
    58.237473,
    56.47237,
    56.262592,
    55.829403,
    55.348812,
    55.258064,
    55.254063,
    54.958519,
    54.089386,
    53.693897,
    53.082893,
    53.082893,
    52.887356,
    52.714893,
    52.608498,
    52.112072,
    52.042858,
    51.51664,
    51.044884,
    50.689739,
    50.552525,
    50.144714,
    49.995464,
    49.688358,
    49.364731,
    48.991776,
    48.670357,
    48.393517,
    47.992714,
    47.649258,
    47.547237,
    47.355091,
    47.167782,
    47.109543,
    47.005005,
    46.858376,
    46.303719,
    46.041359,
    45.872044,
    45.645119,
    45.526329,
    45.47168,
    45.233852,
    45.014542,
    44.904579,
    44.696968,
    44.395058,
    43.725346,
    43.481537,
    43.255318,
    43.137142,
    42.70179,
    42.535736,
    42.328365,
    42.179047,
    41.967609,
    41.775166,
    41.627094,
    41.171093,
    41.061569,
    40.915306,
    40.861904,
    40.762428,
    40.677483,
    40.485706,
    40.430756,
    40.098492,
    40.018147,
    39.88739,
    39.831875,
    39.829651,
    39.757988,
    39.670975,
    39.64854,
    39.510551,
    39.399158,
    39.297009,
    39.254314,
    39.232876,
    39.165531,
    39.035969,
    38.922062,
    38.856483,
    38.816002,
    38.730675
  ],
  "n_outer_cycles": 200
}