{
  "timestamp": "2026-05-11T19:52:52.481452",
  "config": {
    "population_size": 30,
    "max_generations": 1000,
    "xo_prob": 0.8,
    "mut_prob": 0.01,
    "elitesize": 2,
    "tournament_size": 3,
    "crossover_type": "uniform",
    "mutation_type": "random",
    "maximization": false,
    "save_image_every_n_gens": 100
  },
  "runtime_seconds": 105.41,
  "final_fitness": 40.948158,
  "fitness_history": [
    72.527237,
    72.527237,
    71.131699,
    71.106201,
    69.590294,
    68.609886,
    67.822433,
    67.616936,
    66.485085,
    66.195267,
    66.195267,
    65.983902,
    65.622498,
    65.178772,
    64.701035,
    64.638695,
    64.518402,
    64.356369,
    64.02636,
    64.02636,
    64.02636,
    64.02636,
    63.878857,
    63.727062,
    63.727062,
    63.694611,
    63.694611,
    63.522724,
    63.401867,
    63.401867,
    63.140434,
    63.056313,
    62.864658,
    62.861511,
    62.674965,
    62.671314,
    62.509109,
    62.474873,
    62.389023,
    62.389023,
    62.073727,
    61.943195,
    61.93005,
    61.873154,
    61.810177,
    61.810177,
    61.769367,
    61.747478,
    61.71722,
    61.068851,
    61.063507,
    61.022995,
    61.010845,
    61.010712,
    60.999435,
    60.978951,
    60.921619,
    60.780331,
    60.68866,
    60.68866,
    60.678497,
    60.583038,
    60.583038,
    60.480129,
    60.335224,
    60.335224,
    60.20145,
    60.18322,
    60.168022,
    60.078587,
    60.078587,
    60.078587,
    60.078587,
    59.988857,
    59.966167,
    59.966167,
    59.940861,
    59.940861,
    59.913723,
    59.912956,
    59.831863,
    59.831863,
    59.771549,
    59.734779,
    59.724865,
    59.595211,
    59.532513,
    59.456882,
    59.237759,
    59.087887,
    59.059761,
    58.988811,
    58.966454,
    58.918636,
    58.820759,
    58.817097,
    58.777943,
    58.593105,
    58.593105,
    58.533894,
    58.43087,
    58.41222,
    58.147556,
    58.147556,
    58.117706,
    58.067688,
    57.93903,
    57.832092,
    57.717682,
    57.717682,
    57.698151,
    57.614727,
    57.389267,
    57.389267,
    57.218945,
    57.067837,
    57.007809,
    56.950085,
    56.950085,
    56.938461,
    56.924362,
    56.917725,
    56.885273,
    56.856129,
    56.826122,
    56.731934,
    56.700195,
    56.645454,
    56.597851,
    56.560013,
    56.559116,
    56.49649,
    56.442398,
    56.442398,
    56.337345,
    56.337345,
    56.063477,
    56.063477,
    56.001583,
    56.001583,
    55.939209,
    55.890202,
    55.890202,
    55.879463,
    55.826355,
    55.80957,
    55.759838,
    55.759838,
    55.5914,
    55.5914,
    55.5914,
    55.519791,
    55.452679,
    55.452679,
    55.375496,
    55.299465,
    55.237206,
    55.232849,
    55.22345,
    55.215996,
    55.21339,
    55.18301,
    55.18301,
    54.928738,
    54.925468,
    54.912743,
    54.891438,
    54.854816,
    54.854816,
    54.822208,
    54.808083,
    54.780266,
    54.778858,
    54.770302,
    54.770302,
    54.76889,
    54.722042,
    54.722042,
    54.708614,
    54.697567,
    54.689869,
    54.671638,
    54.614143,
    54.595455,
    54.564541,
    54.414089,
    54.308392,
    53.858711,
    53.858307,
    53.855347,
    53.658413,
    53.657459,
    53.628677,
    53.627419,
    53.581226,
    53.575142,
    53.514206,
    53.514206,
    53.486233,
    53.454823,
    53.45229,
    53.433655,
    53.408562,
    53.408562,
    53.393639,
    53.345005,
    53.299984,
    53.204823,
    53.204823,
    53.178375,
    53.122753,
    53.107201,
    53.104435,
    53.073425,
    53.067516,
    53.065334,
    53.048145,
    53.04084,
    53.04084,
    52.380318,
    52.379513,
    52.323898,
    52.323898,
    52.315693,
    52.31216,
    52.296211,
    52.255032,
    52.239414,
    52.233868,
    52.2318,
    52.186165,
    52.186165,
    52.184109,
    52.178547,
    52.170551,
    52.145168,
    52.118179,
    52.076134,
    52.076134,
    52.019596,
    51.977474,
    51.90202,
    51.869469,
    51.869469,
    51.759331,
    51.726143,
    51.690731,
    51.689228,
    51.473148,
    51.473148,
    51.463848,
    51.379917,
    51.375534,
    51.375534,
    51.375534,
    51.287361,
    51.287361,
    51.206696,
    51.206696,
    51.124912,
    51.098621,
    51.082714,
    51.055168,
    51.035004,
    51.022709,
    51.02261,
    51.002529,
    50.987999,
    50.986973,
    50.986969,
    50.964249,
    50.949894,
    50.948357,
    50.948357,
    50.759758,
    50.754986,
    50.754986,
    50.736282,
    50.476696,
    50.476696,
    50.435795,
    50.435795,
    50.355572,
    50.341003,
    50.272793,
    50.269505,
    50.258732,
    50.251835,
    50.23201,
    49.899689,
    49.899689,
    49.899689,
    49.782757,
    49.782757,
    49.778362,
    49.769043,
    49.716335,
    49.716335,
    49.711655,
    49.577045,
    49.577045,
    49.556351,
    49.508438,
    49.500191,
    49.471798,
    49.470066,
    49.449394,
    49.419334,
    49.409935,
    49.315811,
    49.315811,
    49.29129,
    49.29129,
    49.268818,
    49.258274,
    49.258274,
    49.221481,
    49.221481,
    49.214668,
    49.188087,
    49.188087,
    49.188087,
    49.159485,
    49.159485,
    49.092934,
    49.090107,
    49.002174,
    49.002174,
    48.966789,
    48.94566,
    48.923382,
    48.923382,
    48.923382,
    48.897915,
    48.89769,
    48.881832,
    48.874924,
    48.874924,
    48.836369,
    48.798264,
    48.787807,
    48.771229,
    48.769524,
    48.758877,
    48.748489,
    48.748489,
    48.735077,
    48.733849,
    48.595592,
    48.595592,
    48.592514,
    48.589352,
    48.589352,
    48.462177,
    48.454556,
    48.451954,
    48.379337,
    48.379337,
    48.33107,
    48.172039,
    48.11866,
    47.964481,
    47.964481,
    47.878563,
    47.878563,
    47.878563,
    47.868622,
    47.840801,
    47.839714,
    47.812019,
    47.761543,
    47.728729,
    47.653095,
    47.635376,
    47.585236,
    47.567398,
    47.567398,
    47.567398,
    47.564518,
    47.55843,
    47.547543,
    47.519402,
    47.519402,
    47.499035,
    47.499035,
    47.468891,
    47.399193,
    47.399193,
    47.390377,
    47.390377,
    47.390377,
    47.388836,
    47.385193,
    47.385193,
    47.375481,
    47.372814,
    47.372814,
    47.365417,
    47.365417,
    47.358059,
    47.358059,
    47.353458,
    47.2043,
    47.2043,
    47.19416,
    47.193508,
    47.128376,
    47.128376,
    47.127361,
    47.124924,
    47.115082,
    47.115082,
    47.102802,
    47.09182,
    47.09182,
    47.063992,
    47.050484,
    47.008434,
    47.008434,
    46.882721,
    46.882721,
    46.877995,
    46.877995,
    46.850193,
    46.831799,
    46.797871,
    46.797871,
    46.768646,
    46.75441,
    46.726334,
    46.718506,
    46.711327,
    46.684078,
    46.684078,
    46.682411,
    46.682411,
    46.647747,
    46.630764,
    46.613201,
    46.611671,
    46.567299,
    46.56657,
    46.554382,
    46.529381,
    46.521011,
    46.516071,
    46.494053,
    46.494053,
    46.397713,
    46.383633,
    46.375854,
    46.361565,
    46.360386,
    46.360386,
    46.34267,
    46.34267,
    46.309425,
    46.309425,
    46.309425,
    46.306637,
    46.255905,
    46.255905,
    46.247562,
    46.187263,
    46.18446,
    46.18446,
    46.18446,
    46.160732,
    46.160732,
    46.160583,
    46.136078,
    46.136078,
    46.110973,
    46.10096,
    46.037926,
    46.037926,
    46.0056,
    46.0056,
    45.997204,
    45.914902,
    45.892994,
    45.892994,
    45.870792,
    45.870125,
    45.870125,
    45.866756,
    45.859829,
    45.859684,
    45.852383,
    45.852383,
    45.78159,
    45.777763,
    45.767719,
    45.729877,
    45.729877,
    45.718426,
    45.718426,
    45.714592,
    45.714592,
    45.696178,
    45.686543,
    45.673218,
    45.669212,
    45.663574,
    45.649593,
    45.649593,
    45.632812,
    45.632812,
    45.632404,
