{
  "timestamp": "2026-05-14T11:25:35.430096",
  "algorithm": "simulated_annealing",
  "config": {
    "C": 20.0,
    "L": 150,
    "H": 1.05,
    "max_iter": 200,
    "save_every_n_steps": 1000
  },
  "runtime_seconds": 710.87,
  "final_fitness": 35.117138,
  "fitness_history": [
    72.298187,
    71.06691,
    71.06691,
    71.06691,
    71.06691,
    71.06691,
    71.06691,
    71.06691,
    71.06691,
    71.06691,
    71.06691,
    71.06691,
    71.06691,
    71.06691,
    71.06691,
    71.06691,
    71.06691,
    71.06691,
    71.06691,
    71.06691,
    71.06691,
    71.06691,
    71.06691,
    71.06691,
    71.06691,
    71.06691,
    71.06691,
    71.06691,
    71.06691,
    71.06691,
    71.06691,
    71.06691,
    71.06691,
    71.06691,
    71.06691,
    71.06691,
    71.06691,
    71.06691,
    71.06691,
    71.06691,
    71.06691,
    71.06691,
    71.06691,
    71.06691,
    71.06691,
    71.06691,
    71.06691,
    71.06691,
    71.06691,
    71.06691,
    71.06691,
    71.06691,
    71.06691,
    71.06691,
    71.06691,
    71.06691,
    71.06691,
    71.06691,
    71.06691,
    71.06691,
    71.06691,
    71.06691,
    71.06691,
    71.06691,
    71.06691,
    71.06691,
    71.06691,
    71.06691,
    71.06691,
    71.06691,
    71.06691,
    71.06691,
    71.06691,
    71.06691,
    71.06691,
    71.06691,
    70.880669,
    70.877296,
    70.877296,
    70.877296,
    70.826096,
    69.328278,
    68.884567,
    68.884567,
    68.878113,
    68.234756,
    68.234756,
    67.672585,
    67.57618,
    67.083832,
    65.343948,
    64.723824,
    63.785217,
    63.332127,
    62.744789,
    62.16991,
    62.103256,
    61.967854,
    61.721886,
    61.689484,
    61.689484,
    61.689484,
    61.418594,
    60.678406,
    60.678406,
    60.206535,
    59.582184,
    58.99184,
    58.648365,
    58.226322,
    58.187412,
    57.662052,
    57.24028,
    57.077103,
    56.2197,
    55.469368,
    55.210716,
    54.991436,
    54.694954,
    54.456951,
    54.160526,
    53.671459,
    53.477676,
    53.316425,
    52.839424,
    52.322903,
    52.068592,
    51.782242,
    50.970947,
    50.579075,
    50.396629,
    49.656891,
    49.210651,
    48.704357,
    48.338345,
    48.113113,
    47.936653,
    47.784603,
    47.609867,
    47.41481,
    47.077446,
    46.815052,
    46.659607,
    46.453686,
    46.32452,
    45.953419,
    45.753891,
    45.562828,
    45.369602,
    44.909286,
    44.59726,
    44.439659,
    44.229992,
    44.076797,
    43.591858,
    43.290611,
    42.910275,
    42.74139,
    42.650486,
    42.265282,
    42.141403,
    42.035416,
    41.798115,
    41.609898,
    41.230965,
    40.978596,
    40.911022,
    40.816528,
    40.465763,
    40.211796,
    40.124432,
    39.911743,
    39.811604,
    39.607128,
    39.445389,
    39.335175,
    39.065388,
    39.008915,
    38.863689,
    38.594887,
    38.502403,
    38.382587,
    38.201729,
    38.03471,
    37.914047,
    37.798851,
    37.531357,
    37.315529,
    37.200016,
    37.006584,
    36.794037,
    36.476936,
    36.375874,
    36.086655,
    35.936031,
    35.753391,
    35.587109,
    35.478039,
    35.341022,
    35.117138
  ],
  "n_outer_cycles": 200,
  "best_repr": [
    150,
    25,
    223,
    142,
    164,
    325,
    13,
    57,
    35,
    162,
    69,
    344,
    110,
    100,
    271,
    112,
    39,
    2,
    138,
    75,
    224,
    288,
    200,
    0,
    139,
    184,
    128,
    41,
    22,
    162,
    103,
    316,
    132,
    186,
    66,
    327,
    40,
    13,
    69,
    115,
    226,
    86,
    70,
    205,
    111,
    205,
    64,
    50,
    98,
    98,
    183,
    268,
    289,
    326,
    269,
    211,
    15,
    14,
    226,
    138,
    8,
    128,
    283,
    119,
    300,
    396,
    54,
    129,
    59,
    60,
    133,
    213,
    143,
    14,
    178,
    200,
    170,
    133,
    159,
    106,
    48,
    237,
    273,
    368,
    0,
    170,
    37,
    39,
    204,
    52,
    0,
    61,
    161,
    361,
    125,
    322,
    202,
    128,
    95,
    13,
    209,
    54,
    252,
    0,
    273,
    400,
    0,
    17,
    19,
    48,
    181,
    173,
    148,
    222,
    254,
    64,
    0,
    61,
    242,
    93,
    274,
    196,
    90,
    219,
    246,
    259,
    186,
    0,
    255,
    227,
    243,
    183,
    234,
    126,
    81,
    306,
    50,
    255,
    191,
    232,
    167,
    366,
    99,
    400,
    14,
    133,
    193,
    161,
    159,
    220,
    41,
    62,
    67,
    91,
    231,
    42,
    77,
    37,
    255,
    100,
    265,
    298,
    235,
    83,
    136,
    110,
    161,
    198,
    40,
    211,
    142,
    142,
    34,
    179,
    79,
    259,
    136,
    0,
    86,
    5,
    115,
    400,
    213,
    241,
    86,
    90,
    25,
    45,
    201,
    6,
    0,
    221,
    0,
    344,
    52,
    344,
    181,
    193,
    22,
    49,
    95,
    138,
    267,
    124,
    290,
    341,
    255,
    255,
    243,
    51,
    300,
    305,
    206,
    391,
    147,
    0,
    150,
    248,
    166,
    102,
    276,
    118,
    300,
    242,
    269,
    356,
    186,
    99,
    159,
    26,
    243,
    335,
    263,
    2,
    157,
    174,
    230,
    255,
    42,
    15,
    228,
    228,
    172,
    149,
    178,
    208,
    87,
    221,
    136,
    255,
    139,
    138,
    269,
    193,
    66,
    246,
    5,
    101,
    205,
    6,
    37,
    191,
    91,
    37,
    0,
    217,
    196,
    52,
    60,
    96,
    275,
    236,
    51,
    143,
    87,
    72,
    175,
    197,
    164,
    33,
    74,
    382,
    155,
    206,
    300,
    391,
    202,
    81,
    126,
    51,
    86,
    230,
    37,
    195,
    94,
    400,
    47,
    7,
    58,
    255,
    159,
    140,
    206,
    400,
    28,
    400,
    139,
    111,
    66,
    157,
    186,
    149,
    92,
    24,
    183,
    145,
    79,
    92,
    253,
    81,
    152,
    266,
    269,
    131,
    284,
    341,
    190,
    52,
    255,
    83,
    59,
    369,
    175,
    173,
    88,
    272,
    188,
    237,
    243,
    188,
    159,
    87,
    23,
    130,
    52,
    270,
    22,
    138,
    174,
    174,
    40,
    297,
    188,
    182,
    130,
    294,
    57,
    130,
    221,
    0,
    299,
    258,
    0,
    278,
    136,
    128,
    148,
    86,
    0,
    0,
    263,
    272,
    219,
    145,
    173,
    16,
    128,
    101,
    141,
    246,
    199,
    0,
    40,
    55,
    43,
    257,
    182,
    221,
    175,
    154,
    195,
    253,
    143,
    0,
    17,
    117,
    119,
    255,
    106,
    217,
    88,
    215,
    77,
    32,
    189,
    303,
    112,
    172,
    202,
    184,
    191,
    100,
    202,
    187,
    34,
    224,
    100,
    119,
    144,
    249,
    138,
    84,
    217,
    179,
    93,
    312,
    244,
    139,
    184,
    197,
    139,
    115,
    260,
    238,
    109,
    237,
    22,
    198,
    13,
    1,
    128,
    119,
    248,
    0,
    125,
    48,
    81,
    31,
    93,
    81,
    272,
    73,
    227,
    233,
    203,
    152,
    19,
    135,
    159,
    0,
    84,
    181,
    256,
    287,
    38,
    238,
    105,
    248,
    215,
    79,
    38,
    112,
    211,
    75,
    70,
    255,
    23,
    189,
    73,
    43,
    91,
    400,
    42,
    400,
    248,
    112,
    191,
    132,
    110,
    225,
    163,
    0,
    47,
    62,
    291,
    148,
    231,
    202,
    181,
    178,
    111,
    181,
    118,
    190,
    32,
    97,
    36,
    65,
    111,
    216,
    285,
    114,
    160,
    66,
    47,
    154,
    106,
    92,
    57,
    60,
    136,
    37,
    211,
    246,
    51,
    209,
    3,
    160,
    151,
    74,
    27,
    229,
    35,
    288,
    17,
    278,
    141,
    255,
    254,
    0,
    113,
    36,
    238,
    82,
    98,
    323,
    85,
    47,
    223,
    23,
    40,
    64,
    290,
