{
  "timestamp": "2026-05-11T10:08:35.231045",
  "algorithm": "simulated_annealing",
  "config": {
    "C": 10.0,
    "L": 150,
    "H": 1.05,
    "max_iter": 200,
    "maximization": false,
    "save_every_n_steps": 1500,
    "seed": 3,
    "algorithm": "SA"
  },
  "runtime_seconds": 104.82,
  "final_fitness": 42.449383,
  "fitness_history": [
    89.405586,
    89.405586,
    89.405586,
    89.405586,
    89.405586,
    89.405586,
    88.159737,
    85.818245,
    85.685234,
    84.268425,
    84.268425,
    84.268425,
    82.326454,
    80.819817,
    80.674263,
    79.472481,
    79.311852,
    79.311852,
    78.968521,
    78.968521,
    78.858719,
    77.781883,
    77.32148,
    77.32148,
    77.32148,
    77.32148,
    77.32148,
    77.32148,
    77.32148,
    77.32148,
    77.32148,
    77.32148,
    77.32148,
    77.32148,
    77.32148,
    77.32148,
    77.32148,
    77.32148,
    77.32148,
    77.32148,
    77.32148,
    77.32148,
    77.32148,
    77.32148,
    77.32148,
    77.32148,
    77.32148,
    77.32148,
    76.973259,
    76.778801,
    76.14949,
    76.14949,
    75.858337,
    75.590736,
    74.341057,
    74.013702,
    73.287735,
    72.605568,
    71.875252,
    71.768814,
    71.687584,
    71.687584,
    71.611504,
    71.424591,
    71.356186,
    71.356186,
    71.356186,
    71.07708,
    70.553558,
    70.255814,
    69.815216,
    69.815216,
    69.815216,
    69.815216,
    69.815216,
    69.815216,
    69.815216,
    69.815216,
    69.566887,
    69.520737,
    69.055466,
    68.429283,
    67.949234,
    67.943024,
    67.943024,
    67.943024,
    67.943024,
    67.943024,
    67.577217,
    67.331886,
    66.477348,
    65.679031,
    65.408165,
    65.269028,
    65.115852,
    65.075905,
    64.806847,
    64.582222,
    64.044724,
    63.780815,
    63.529797,
    63.303997,
    63.249878,
    63.06852,
    62.67701,
    62.605145,
    62.171993,
    61.869305,
    61.612965,
    61.104076,
    60.051018,
    60.04081,
    59.832237,
    59.16106,
    58.995197,
    58.844368,
    58.560844,
    58.30275,
    58.30275,
    57.528469,
    57.388527,
    57.239754,
    56.947739,
    56.682625,
    56.449108,
    56.314564,
    55.459023,
    55.235622,
    55.015823,
    54.973927,
    54.872162,
    54.562157,
    54.292347,
    54.054203,
    53.766632,
    53.635929,
    53.480587,
    53.272781,
    52.936134,
    52.887775,
    52.355392,
    51.829605,
    51.48439,
    51.371254,
    51.144684,
    51.073158,
    50.613113,
    50.45314,
    50.303623,
    50.20583,
    49.797001,
    49.610645,
    49.060215,
    48.98275,
    48.80925,
    48.542137,
    48.475952,
    48.257095,
    48.116543,
    48.00909,
    47.750465,
    47.65543,
    47.520771,
    47.262054,
    47.11689,
    47.022335,
    46.810738,
    46.652264,
    46.495293,
    46.135498,
    45.938953,
    45.638992,
    45.441349,
    45.349747,
    45.255394,
    45.182858,
    44.854053,
    44.617886,
    44.556305,
    44.48238,
    44.393204,
    44.282684,
    44.259609,
    44.200806,
    43.995667,
    43.945408,
    43.868671,
    43.646725,
    43.585495,
    43.498943,
    43.242741,
    43.194798,
    43.104122,
    42.992401,
    42.919388,
    42.849396,
    42.727367,
    42.652782,
    42.516464,
    42.449383
  ],
  "n_outer_cycles": 200
}