{
  "timestamp": "2026-05-11T20:17:01.116594",
  "config": {
    "population_size": 30,
    "max_generations": 1000,
    "xo_prob": 0.5,
    "mut_prob": 0.05,
    "elitesize": 2,
    "tournament_size": 3,
    "crossover_type": "uniform",
    "mutation_type": "random",
    "maximization": false,
    "save_image_every_n_gens": 100
  },
  "runtime_seconds": 103.3,
  "final_fitness": 37.980106,
  "fitness_history": [
    78.921478,
    76.952324,
    74.529556,
    74.529556,
    74.283607,
    71.946831,
    71.946831,
    70.820282,
    70.079269,
    69.372711,
    69.114326,
    68.080902,
    67.60643,
    66.743942,
    66.639908,
    66.155006,
    65.906555,
    65.64035,
    65.453346,
    65.304619,
    65.120712,
    64.631584,
    64.484795,
    64.2379,
    64.2379,
    64.087074,
    64.087074,
    63.589901,
    63.507439,
    62.648529,
    62.648529,
    62.214397,
    62.214397,
    61.297955,
    61.23027,
    61.115833,
    59.769875,
    59.769875,
    59.59901,
    59.469883,
    59.46162,
    59.46162,
    59.442402,
    59.322758,
    59.322758,
    59.294376,
    59.096153,
    59.082012,
    58.490028,
    58.490028,
    58.490028,
    58.490028,
    58.30088,
    58.30088,
    58.30088,
    58.24139,
    58.24139,
    58.24139,
    58.221397,
    57.778828,
    57.778828,
    57.766148,
    57.708565,
    57.708565,
    57.558571,
    57.505352,
    57.041405,
    57.041405,
    57.041405,
    57.041405,
    56.904823,
    56.65414,
    56.65414,
    56.65414,
    56.65414,
    56.620403,
    56.393318,
    56.176006,
    56.164833,
    56.164833,
    56.164833,
    56.050877,
    56.050877,
    56.050877,
    55.959435,
    55.959435,
    55.835796,
    55.835796,
    55.706009,
    55.692379,
    55.692379,
    55.692379,
    55.595371,
    55.576698,
    55.576698,
    55.353588,
    55.206028,
    55.114876,
    54.977898,
    54.977898,
    54.973698,
    54.67086,
    54.517792,
    53.599747,
    53.599747,
    53.599747,
    53.241356,
    53.241356,
    53.210484,
    53.100613,
    53.100613,
    53.100613,
    52.925961,
    52.897457,
    52.846245,
    52.846245,
    52.846245,
    52.846245,
    52.689972,
    52.656734,
    52.429085,
    52.429085,
    51.998344,
    51.998344,
    51.930271,
    51.930271,
    51.922436,
    51.922436,
    51.896656,
    51.896656,
    51.896656,
    51.852585,
    51.839172,
    51.786518,
    51.746269,
    51.746269,
    51.719078,
    51.711906,
    51.668457,
    51.52219,
    51.465458,
    51.427559,
    51.427559,
    51.230053,
    51.230053,
    51.222023,
    51.161232,
    51.128025,
    51.001438,
    50.927032,
    50.927032,
    50.927032,
    50.927032,
    50.80608,
    50.80608,
    50.796333,
    50.796333,
    50.796333,
    50.796333,
    50.767151,
    50.663723,
    50.554295,
    50.554295,
    50.554295,
    50.532467,
    50.508152,
    50.440144,
    50.440144,
    50.399647,
    50.399647,
    50.399647,
    50.399647,
    50.246822,
    50.246822,
    50.208199,
    50.181923,
    50.122398,
    49.943832,
    49.943832,
    49.792439,
    49.792439,
    49.638165,
    49.638165,
    49.638165,
    49.60434,
    49.433598,
    49.433598,
    49.305084,
    49.176529,
    49.176529,
    49.176529,
    49.079388,
    49.051003,
    49.051003,
    49.021992,
    49.021992,
    49.021992,
    48.939289,
    48.939289,
    48.937946,
    48.892967,
    48.629814,
    48.629814,
    48.629814,
    48.424191,
    48.424191,
    48.424191,
    48.228405,
    48.228039,
    48.200222,
    48.200222,
    48.103382,
    48.103382,
    48.103382,
    47.982216,
    47.982216,
    47.982216,
    47.982216,
    47.909683,
    47.909683,
    47.822136,
    47.796021,
    47.769501,
    47.67868,
    47.67868,
    47.67868,
    47.646873,
    47.646873,
    47.552219,
    47.552219,
    47.497475,
    47.497475,
    47.087597,
    47.087597,
    47.02438,
    47.02438,
    47.02438,
    47.02438,
    47.017059,
    47.002975,
    46.963165,
    46.963165,
    46.940495,
    46.916882,
    46.869396,
    46.824028,
    46.824028,
    46.824028,
    46.718513,
    46.718513,
    46.718513,
    46.703163,
    46.660618,
    46.607422,
    46.60498,
    46.54668,
    46.479286,
    46.384708,
    46.2822,
    46.2822,
    46.217579,
    46.217579,
    46.217579,
    46.181484,
    46.178116,
    46.129772,
    46.112934,
    46.112934,
    46.112934,
    46.112934,
    46.112934,
    46.108829,
    46.092701,
    46.07209,
    45.984325,
    45.979805,
    45.953857,
    45.953857,
    45.907932,
    45.907932,
    45.883389,
    45.867764,
    45.721836,
    45.721836,
    45.721642,
    45.721264,
    45.721264,
    45.720325,
    45.720325,
    45.720325,
    45.704334,
    45.704334,
    45.673584,
    45.673584,
    45.673584,
    45.668922,
    45.657246,
    45.652615,
    45.648472,
    45.648472,
    45.648453,
    45.645573,
    45.645573,
    45.645573,
    45.605137,
    45.55809,
    45.55809,
    45.55809,
    45.55809,
    45.556221,
    45.547493,
    45.547493,
    45.547493,
    45.442047,
    45.442047,
    45.442047,
    45.442047,
    45.386871,
    45.386871,
    45.299366,
    45.299366,
    45.295963,
    45.295963,
    45.241928,
    45.228493,
    45.222115,
    45.204399,
    45.181515,
    45.181515,
    45.171013,
    45.171013,
    45.171013,
    45.14529,
    45.090534,
    45.090534,
    45.090534,
    45.090534,
    45.090534,
    45.090534,
    45.063416,
    45.044064,
    45.042038,
    45.022987,
    45.022469,
    45.022469,
    44.989887,
    44.989887,
    44.989887,
    44.9739,
    44.9739,
    44.9739,
    44.940929,
    44.937458,
    44.935799,
    44.935799,
    44.849964,
    44.849964,
    44.849964,
    44.849964,
    44.849964,
    44.849964,
    44.849262,
    44.849262,
    44.831753,
    44.831753,
    44.831753,
    44.831753,
    44.829578,
    44.807926,
    44.807926,
    44.807926,
    44.807926,
    44.807926,
    44.807926,
    44.807827,
    44.807827,
    44.807827,
    44.714535,
    44.705738,
    44.705738,
    44.634151,
    44.608776,
    44.608776,
    44.578945,
    44.578945,
    44.578945,
    44.569607,
    44.554489,
    44.537144,
    44.536343,
    44.514732,
    44.464146,
    44.429325,
    44.429325,
    44.421131,
    44.421131,
    44.421131,
    44.421131,
    44.421131,
    44.421131,
    44.41861,
    44.41861,
    44.41861,
    44.41861,
    44.416634,
    44.407349,
    44.407349,
    44.370361,
    44.367931,
    43.957752,
    43.957752,
    43.957752,
    43.94471,
    43.92099,
    43.906311,
    43.900745,
    43.898827,
    43.858135,
    43.85812,
    43.857605,
    43.847408,
    43.811523,
    43.811523,
    43.811523,
    43.811523,
    43.783367,
    43.783367,
    43.783367,
    43.783367,
    43.783367,
    43.783367,
    43.782562,
    43.780109,
    43.780109,
    43.780109,
    43.749424,
    43.749424,
    43.641747,
    43.641747,
    43.641747,
    43.632992,
    43.632992,
    43.60223,
    43.60223,
    43.60223,
    43.552273,
    43.552273,
    43.552273,
    43.552273,
    43.498661,
    43.478226,
    43.478226,
    43.478226,
    43.478226,
    43.462955,
    43.435146,
    43.380775,
    43.380775,
    43.380775,
    43.380775,
    43.356869,
    43.356869,
    43.220638,
    43.220638,
    43.220638,
    43.220638,
    43.205978,
    43.205978,
    43.205788,
    43.18689,
    43.18689,
    43.18689,
    43.18689,
    43.18689,
    43.18689,
    43.186878,
    43.186878,
    43.186878,
    43.178165,
    43.176231,
    43.176231,
    43.176231,
    43.176231,
    43.16581,
    43.16581,
    43.16581,
    43.16581,
    43.119442,
    43.119442,
    43.01442,
    43.01442,
    43.01442,
    42.96904,
    42.841736,
    42.841736,
    42.841736,
    42.841736,
    42.841736,
    42.841736,
    42.841736,
    42.822441,
    42.760925,
    42.760925,
    42.685596,
    42.685596,
    42.685596,
    42.685596,
    42.685432,
    42.654106,
    42.651443,
