{
  "timestamp": "2026-05-11T19:41:48.976737",
  "config": {
    "population_size": 10,
    "max_generations": 1000,
    "xo_prob": 0.8,
    "mut_prob": 0.05,
    "elitesize": 2,
    "tournament_size": 3,
    "crossover_type": "uniform",
    "mutation_type": "random",
    "maximization": false,
    "save_image_every_n_gens": 100
  },
  "runtime_seconds": 29.23,
  "final_fitness": 42.820946,
  "fitness_history": [
    80.441277,
    79.158714,
    77.764824,
    70.164848,
    70.164848,
    70.164848,
    69.767296,
    69.767296,
    69.529106,
    69.447685,
    69.447685,
    69.447685,
    69.379265,
    68.98896,
    68.641685,
    68.29969,
    68.218758,
    68.097725,
    67.985306,
    66.948631,
    66.72863,
    66.671608,
    66.558212,
    66.551033,
    66.547218,
    66.364594,
    66.364594,
    66.360054,
    66.360054,
    66.166924,
    65.997787,
    65.957146,
    65.64267,
    65.64267,
    65.240585,
    65.194496,
    65.091904,
    65.089752,
    65.088547,
    65.088547,
    65.067612,
    64.94471,
    64.752541,
    64.752327,
    64.752327,
    64.752327,
    64.642899,
    64.642899,
    64.068794,
    63.577332,
    63.423458,
    63.423458,
    63.423458,
    63.083424,
    61.130417,
    61.130417,
    61.041908,
    60.98489,
    60.984863,
    60.885326,
    60.747364,
    60.721142,
    60.675644,
    60.675644,
    60.552631,
    60.552631,
    60.513477,
    60.472458,
    60.38728,
    60.344776,
    60.287346,
    60.188766,
    60.092468,
    59.939316,
    59.918957,
    59.918957,
    59.918957,
    59.862629,
    59.854416,
    59.740044,
    59.740044,
    59.740044,
    59.740044,
    59.740044,
    59.736179,
    59.616264,
    59.616264,
    59.5895,
    59.5895,
    59.550995,
    59.550995,
    58.869957,
    58.791115,
    58.791115,
    58.791115,
    58.728252,
    58.728252,
    58.728252,
    58.722134,
    58.705406,
    58.661606,
    58.633896,
    58.633896,
    58.633896,
    58.633896,
    58.464157,
    58.386627,
    58.223839,
    58.202126,
    58.04126,
    58.034729,
    58.034729,
    58.034729,
    57.279423,
    57.201839,
    57.201839,
    57.201839,
    56.873936,
    56.640236,
    56.579208,
    56.54295,
    56.54295,
    56.536987,
    56.513222,
    56.513222,
    56.506126,
    56.452019,
    56.406166,
    56.406166,
    55.549892,
    55.544315,
    55.544315,
    55.087975,
    54.878811,
    54.878811,
    54.878811,
    54.877552,
    54.863846,
    54.824181,
    54.824181,
    54.734055,
    54.734055,
    54.734055,
    54.708992,
    54.70377,
    54.70377,
    54.70377,
    54.6339,
    54.487915,
    54.460453,
    54.458225,
    54.430157,
    54.430157,
    54.430157,
    54.346642,
    54.346642,
    54.346642,
    54.346642,
    54.289749,
    54.006523,
    54.006523,
    53.982273,
    53.962807,
    53.962807,
    53.962807,
    53.962807,
    53.962807,
    53.962807,
    53.923515,
    53.923515,
    53.923515,
    53.923515,
    53.9188,
    53.9188,
    53.9188,
    53.9188,
    53.915852,
    53.889317,
    53.720074,
    53.720074,
    53.665485,
    53.665485,
    53.665485,
    53.651802,
    53.651802,
    53.651802,
    53.648865,
    53.623978,
    53.620869,
    53.581734,
    53.581734,
    53.581734,
    53.581734,
    53.581734,
    53.573776,
    53.541321,
    53.524612,
    53.524612,
    53.524612,
    53.480907,
    53.480907,
    53.351551,
    53.327801,
    53.327801,
    53.316566,
    53.316566,
    53.257755,
    53.257755,
    53.257755,
    53.247082,
    53.247082,
    53.247082,
    53.23616,
    53.181461,
    52.784653,
    52.784653,
    52.784653,
    52.784653,
    52.655613,
    52.493637,
    52.493637,
    52.493637,
    52.493637,
    52.493637,
    52.493637,
    52.493343,
    52.493343,
    52.493343,
    52.493343,
    52.342758,
    52.342758,
    52.342758,
    52.32605,
    52.32605,
    52.31361,
    52.31361,
    52.31361,
    52.31361,
    52.31361,
    52.284664,
    52.284664,
    52.266998,
    52.204929,
    52.16938,
    52.16938,
    52.16938,
    52.16938,
    52.16938,
    52.16938,
    52.16938,
    52.16938,
    51.892784,
    51.892784,
    51.824642,
    51.824642,
    51.793201,
    51.793201,
    51.793201,
    51.793201,
    51.79158,
    51.79158,
    51.79158,
    51.774902,
    51.774902,
    51.70343,
    51.694969,
    51.532215,
    51.532215,
    51.391747,
    51.391747,
    51.391747,
    51.391747,
    51.391747,
    51.391747,
    51.32399,
    51.165611,
    51.165611,
    51.024155,
    51.024155,
    51.024155,
    51.023876,
    50.855804,
    50.820377,
    50.820377,
    50.820377,
    50.820377,
    50.820377,
    50.81316,
    50.789738,
    50.789738,
    50.789738,
    50.781975,
    50.781975,
    50.781975,
    50.781975,
    50.781975,
    50.781975,
    50.781975,
    50.781975,
    50.781239,
    50.781239,
    50.781239,
    50.779526,
    50.779526,
    50.779526,
    50.773758,
    50.57373,
    50.57373,
    50.57373,
    50.57373,
    50.573647,
    50.573647,
    50.572933,
    50.572933,
    50.54451,
    50.54451,
    50.54451,
    50.495747,
    50.495747,
    50.495747,
    50.495747,
    50.478168,
    50.458057,
    50.458057,
    50.458057,
    50.458057,
    50.458057,
    50.458057,
    50.458057,
    50.458057,
    50.433079,
    50.331738,
    50.331738,
    50.331738,
    50.331738,
    50.331738,
    50.331738,
    50.331738,
    50.331738,
    50.331738,
    50.331738,
    50.331738,
    50.331738,
    50.331738,
    50.188519,
    50.167622,
    50.167622,
    50.149803,
    50.149803,
    50.149803,
    50.149803,
    50.149803,
    50.149803,
    50.118603,
    50.115417,
    50.115417,
    50.115417,
    50.070137,
    50.06324,
    49.866631,
    49.866631,
    49.864319,
    49.810562,
    49.749233,
    49.749233,
    49.749233,
    49.749233,
    49.749233,
    49.745644,
    49.744972,
    49.744972,
    49.744972,
    49.744972,
    49.744972,
    49.736244,
    49.693474,
    49.693474,
    49.693474,
    49.693474,
    49.693474,
    49.669334,
    49.669334,
    49.669334,
    49.669334,
    49.669334,
    49.669334,
    49.669334,
    49.669334,
    49.669334,
    49.66597,
    49.644424,
    49.630569,
    49.603104,
    49.603104,
    49.603104,
    49.603104,
    49.603104,
    49.603104,
    49.580151,
    49.567062,
    49.53561,
    49.53561,
    49.519783,
    49.495266,
    49.489571,
    49.486683,
    49.445427,
    49.402588,
    49.402588,
    49.402588,
    49.400684,
    49.372383,
    49.369881,
    49.369881,
    49.369881,
    49.332825,
    49.308567,
    49.296688,
    49.296688,
    49.296688,
    49.287933,
    49.287933,
    49.287933,
    49.287933,
    49.252487,
    49.252487,
    49.197269,
    49.18618,
    49.18618,
    48.867039,
    48.867039,
    48.867039,
    48.867039,
    48.867039,
    48.840878,
    48.840878,
    48.840878,
    48.840878,
    48.840878,
    48.840778,
    48.839256,
    48.839256,
    48.839256,
    48.839256,
    48.824085,
    48.824085,
    48.82394,
    48.812927,
    48.739647,
    48.739647,
    48.732735,
    48.732735,
    48.572628,
    48.572628,
    48.527935,
    48.527935,
    48.447395,
    48.447395,
    48.447395,
    48.447395,
    48.445473,
    48.443859,
    48.443855,
    48.43914,
    48.43914,
    48.43914,
    48.436047,
    48.389034,
    48.389034,
    48.389034,
    48.389034,
    48.389034,
    48.389034,
    48.376167,
    48.341591,
    48.341591,
    48.341591,
    48.341591,
    48.341591,
    48.325657,
    48.325657,
    48.325657,
    48.325657,
    48.304459,
    48.304459,
    48.303944,
    48.262745,
    48.180756,
    48.180756,
    48.180756,
    48.180756,
    48.180756,
    48.143551,
    48.143551,
    48.130371,
    48.130371,
    48.130371,
    48.130371,
    48.130371,
    48.130371,
    48.130371,
    48.122238,
    48.122238,
    48.122238,
    48.122238,
    48.122238,
    48.121235,
    48.107182,
    48.107182,
    48.107182,
