{
  "timestamp": "2026-05-14T12:02:24.707913",
  "algorithm": "simulated_annealing",
  "config": {
    "C": 20.0,
    "L": 150,
    "H": 1.05,
    "max_iter": 200,
    "save_every_n_steps": 1000
  },
  "runtime_seconds": 708.08,
  "final_fitness": 35.005989,
  "fitness_history": [
    75.20623,
    74.965057,
    74.965057,
    74.965057,
    74.965057,
    73.722824,
    73.722824,
    73.721375,
    73.153275,
    73.153275,
    73.153275,
    73.153275,
    73.153275,
    73.153275,
    73.153275,
    73.153275,
    73.153275,
    73.081932,
    71.212738,
    71.130775,
    71.130775,
    71.130775,
    71.130775,
    71.130775,
    70.871559,
    70.66761,
    70.65834,
    70.65834,
    70.65834,
    70.65834,
    70.65834,
    70.65834,
    70.65834,
    70.65834,
    70.65834,
    70.65834,
    70.65834,
    70.65834,
    70.65834,
    70.65834,
    70.65834,
    70.65834,
    70.65834,
    70.65834,
    70.65834,
    70.310349,
    69.661568,
    69.661568,
    69.661568,
    69.661568,
    69.054962,
    69.054962,
    68.871925,
    68.399902,
    68.299324,
    67.914757,
    67.277214,
    67.277214,
    67.277214,
    67.277214,
    67.277214,
    67.277214,
    67.277214,
    67.277214,
    67.277214,
    67.277214,
    67.277214,
    67.277214,
    67.277214,
    67.277214,
    67.277214,
    67.277214,
    67.102203,
    67.102203,
    67.102203,
    67.089806,
    66.409698,
    65.996521,
    65.996521,
    65.996521,
    65.996521,
    65.680923,
    64.78717,
    64.78717,
    64.78717,
    64.78717,
    64.78717,
    64.78717,
    64.78717,
    64.230858,
    63.668159,
    63.668159,
    63.513821,
    63.44278,
    63.121082,
    62.452827,
    62.183697,
    60.452629,
    59.876793,
    59.555527,
    59.071663,
    59.071663,
    58.710049,
    58.583874,
    58.115093,
    57.977695,
    57.572746,
    57.572746,
    56.459438,
    55.787632,
    55.553471,
    55.05114,
    54.751842,
    54.751842,
    54.564224,
    54.087307,
    53.658722,
    53.249416,
    52.668457,
    52.134487,
    51.888653,
    51.062828,
    50.721504,
    50.610283,
    50.283882,
    50.008072,
    49.752388,
    49.472267,
    49.028938,
    48.685852,
    48.079147,
    47.868546,
    47.33366,
    46.869316,
    46.771557,
    46.519283,
    46.370541,
    46.314548,
    46.314548,
    46.314548,
    46.219501,
    45.910275,
    45.764225,
    45.764225,
    45.516743,
    45.019691,
    44.737045,
    44.461086,
    44.22945,
    43.986385,
    43.818844,
    43.776928,
    43.765831,
    43.506405,
    43.276405,
    43.029964,
    42.783043,
    42.492397,
    42.274166,
    42.222309,
    42.165081,
    41.875507,
    41.588352,
    41.254265,
    40.990204,
    40.68996,
    40.312675,
    40.162186,
    39.611092,
    39.374485,
    39.255402,
    39.012726,
    38.864101,
    38.44392,
    38.201885,
    37.863018,
    37.762104,
    37.487682,
    37.460896,
    37.384361,
    37.174618,
    37.028206,
    36.923313,
    36.747478,
    36.66423,
    36.522263,
    36.44207,
    36.266178,
    36.141254,
    35.977634,
    35.886475,
    35.747463,
    35.628231,
    35.573437,
    35.525112,
    35.433949,
    35.353043,
    35.179428,
    35.095005,
    35.005989
  ],
  "n_outer_cycles": 200,
  "best_repr": [
    215,
    0,
    91,
    29,
    209,
    400,
    134,
    110,
    115,
    70,
    183,
    383,
    182,
    147,
    253,
    65,
    241,
    27,
    133,
    65,
    256,
    108,
    216,
    264,
    171,
    143,
    223,
    226,
    95,
    81,
    90,
    31,
    192,
    192,
    117,
    196,
    50,
    58,
    191,
    230,
    150,
    156,
    287,
    230,
    158,
    289,
    131,
    57,
    18,
    0,
    210,
    55,
    195,
    149,
    210,
    374,
    176,
    255,
    73,
    154,
    234,
    125,
    223,
    375,
    138,
    333,
    213,
    209,
    0,
    53,
    206,
    238,
    166,
    317,
    161,
    174,
    123,
    34,
    40,
    170,
    0,
    131,
    205,
    0,
    120,
    387,
    159,
    101,
    236,
    62,
    296,
    0,
    300,
    126,
    154,
    336,
    89,
    139,
    188,
    30,
    60,
    400,
    105,
    239,
    263,
    155,
    0,
    51,
    99,
    173,
    43,
    261,
    19,
    153,
    48,
    49,
    255,
    176,
    111,
    255,
    130,
    0,
    300,
    334,
    202,
    79,
    165,
    91,
    154,
    111,
    12,
    228,
    255,
    338,
    123,
    68,
    0,
    125,
    116,
    0,
    258,
    188,
    53,
    400,
    54,
    344,
    148,
    99,
    201,
    244,
    65,
    146,
    197,
    237,
    233,
    78,
    61,
    129,
    199,
    91,
    0,
    400,
    201,
    262,
    0,
    274,
    93,
    146,
    49,
    36,
    250,
    115,
    226,
    165,
    173,
    3,
    178,
    223,
    185,
    34,
    143,
    99,
    27,
    394,
    118,
    178,
    174,
    73,
    119,
    0,
    93,
    394,
    236,
    386,
    194,
    207,
    59,
    21,
    157,
    80,
    129,
    40,
    239,
    264,
    300,
    157,
    130,
    123,
    123,
    0,
    85,
    91,
    122,
    335,
    207,
    301,
    234,
    38,
    15,
    99,
    83,
    60,
    9,
    213,
    200,
    265,
    255,
    233,
    128,
    33,
    235,
    398,
    194,
    375,
    285,
    393,
    13,
    72,
    109,
    39,
    9,
    188,
    58,
    239,
    278,
    256,
    82,
    93,
    184,
    48,
    119,
    302,
    243,
    142,
    129,
    47,
    147,
    33,
    51,
    209,
    72,
    94,
    0,
    188,
    280,
    203,
    229,
    170,
    255,
    55,
    186,
    67,
    178,
    307,
    116,
    384,
    166,
    100,
    107,
    100,
    128,
    195,
    35,
    298,
    194,
    161,
    72,
    79,
    154,
    255,
    47,
    27,
    101,
    340,
    54,
    368,
    214,
    53,
    161,
    51,
    100,
    64,
    119,
    18,
    106,
    157,
    139,
    15,
    166,
    228,
    113,
    34,
    213,
    386,
    53,
    38,
    90,
    191,
    72,
    149,
    161,
    84,
    30,
    190,
    112,
    197,
    11,
    161,
    67,
    68,
    124,
    240,
    271,
    193,
    280,
    317,
    61,
    167,
    81,
    200,
    72,
    274,
    245,
    336,
    51,
    287,
    13,
    100,
    32,
    105,
    151,
    112,
    150,
    215,
    222,
    192,
    3,
    194,
    255,
    0,
    226,
    259,
    132,
    0,
    271,
    330,
    66,
    255,
    192,
    21,
    40,
    190,
    300,
    400,
    300,
    212,
    134,
    107,
    171,
    58,
    283,
    334,
    300,
    154,
    27,
    183,
    82,
    73,
    52,
    93,
    147,
    158,
    202,
    12,
    106,
    258,
    180,
    55,
    102,
    95,
    170,
    325,
    239,
    278,
    235,
    246,
    27,
    240,
    152,
    113,
    167,
    265,
    146,
    264,
    266,
    236,
    142,
    218,
    240,
    31,
    108,
    137,
    120,
    0,
    210,
    4,
    141,
    90,
    77,
    241,
    48,
    187,
    100,
    99,
    222,
    366,
    209,
    125,
    211,
    59,
    188,
    400,
    21,
    400,
    142,
    338,
    249,
    114,
    205,
    102,
    261,
    0,
    16,
    266,
    272,
    207,
    39,
    10,
    35,
    117,
    151,
    139,
    201,
    372,
    105,
    294,
    115,
    168,
    13,
    134,
    181,
    143,
    117,
    183,
    77,
    309,
    73,
    193,
    151,
    9,
    145,
    77,
    50,
    88,
    182,
    111,
    0,
    255,
    91,
    153,
    300,
    303,
    105,
    199,
    80,
    36,
    185,
    239,
    174,
    55,
    65,
    34,
    70,
    262,
    174,
    274,
    64,
    255,
    194,
    150,
    35,
    297,
    102,
    300,
    98,
    31,
    46,
    255,
    237,
    24,
    106,
    175,
    75,
    84,
    251,
    289,
    251,
    54,
    110,
    225,
    92,
    169,
    0,
    52,
    173,
    106,
    17,
    32,
    29,
    199,
    300,
    400,
    1,
    389,
    198,
    207,
