{
  "timestamp": "2026-05-08T14:44:54.678546",
  "algorithm": "simulated_annealing",
  "config": {
    "C": 10.0,
    "L": 150,
    "H": 1.05,
    "max_iter": 200,
    "maximization": false,
    "save_every_n_steps": 1500,
    "seed": 1,
    "algorithm": "SA"
  },
  "runtime_seconds": 103.61,
  "final_fitness": 42.114021,
  "fitness_history": [
    82.962402,
    82.008171,
    82.008171,
    82.008171,
    82.008171,
    82.008171,
    82.008171,
    82.008171,
    82.008171,
    82.008171,
    82.008171,
    82.008171,
    82.008171,
    82.008171,
    82.008171,
    82.008171,
    82.008171,
    82.008171,
    82.008171,
    82.008171,
    82.008171,
    82.008171,
    82.008171,
    80.641899,
    80.028412,
    80.028412,
    80.028412,
    80.028412,
    80.028412,
    79.619888,
    79.073906,
    78.954933,
    78.954933,
    78.954933,
    78.954933,
    78.954933,
    78.954933,
    78.954933,
    78.954933,
    78.954933,
    78.954933,
    78.954933,
    78.954933,
    78.954933,
    78.954933,
    78.954933,
    78.954933,
    78.172447,
    78.102867,
    78.102867,
    78.102867,
    78.102867,
    78.102867,
    77.092865,
    75.842804,
    75.232674,
    75.232674,
    74.935051,
    74.087868,
    73.773552,
    73.590393,
    72.978424,
    72.479485,
    72.479485,
    72.479485,
    72.479485,
    72.479485,
    72.479485,
    71.617172,
    70.931046,
    68.355003,
    68.177628,
    67.21347,
    66.216553,
    65.83741,
    65.275314,
    65.275314,
    65.166985,
    64.916573,
    64.916573,
    64.916573,
    64.916573,
    64.916573,
    64.916573,
    64.916573,
    64.729462,
    63.640347,
    63.255959,
    62.904373,
    61.993633,
    61.589401,
    61.361542,
    60.303833,
    60.265686,
    60.087925,
    60.087925,
    59.237316,
    59.135891,
    59.089325,
    59.088512,
    59.088512,
    59.088512,
    58.824383,
    58.746429,
    58.623829,
    58.215027,
    57.755573,
    57.593094,
    57.496124,
    57.122074,
    56.969517,
    56.643749,
    56.643749,
    56.059875,
    55.588993,
    55.396896,
    55.190853,
    55.17617,
    54.976208,
    54.611893,
    54.282169,
    54.168468,
    53.662163,
    53.436214,
    53.436214,
    53.228497,
    52.986141,
    52.881405,
    52.673317,
    52.345425,
    51.99572,
    51.843765,
    51.621037,
    51.451477,
    51.166595,
    51.078636,
    50.780231,
    50.602409,
    50.345165,
    50.083149,
    49.792332,
    49.757427,
    49.580086,
    49.448128,
    49.129173,
    49.106369,
    48.957378,
    48.849682,
    48.801636,
    48.355713,
    48.176018,
    47.847752,
    47.567936,
    47.449863,
    47.294853,
    47.248562,
    46.821903,
    46.713295,
    46.563519,
    46.42123,
    46.326912,
    46.293694,
    46.200809,
    45.946613,
    45.833702,
    45.548122,
    45.430843,
    45.323273,
    45.212421,
    45.080467,
    44.961983,
    44.873989,
    44.805679,
    44.640553,
    44.422398,
    44.32449,
    44.254734,
    44.099682,
    43.945179,
    43.849739,
    43.756508,
    43.659718,
    43.440796,
    43.38781,
    43.335247,
    43.283092,
    43.126316,
    43.065273,
    42.967827,
    42.937996,
    42.89566,
    42.883709,
    42.858646,
    42.765987,
    42.666485,
    42.529892,
    42.359951,
    42.269318,
    42.220512,
    42.114021
  ],
  "n_outer_cycles": 200
}