{
  "timestamp": "2026-05-08T14:48:27.496794",
  "algorithm": "simulated_annealing",
  "config": {
    "C": 10.0,
    "L": 150,
    "H": 1.05,
    "max_iter": 200,
    "maximization": false,
    "save_every_n_steps": 1500,
    "seed": 2,
    "algorithm": "SA"
  },
  "runtime_seconds": 107.0,
  "final_fitness": 41.010132,
  "fitness_history": [
    86.724205,
    86.588608,
    86.588608,
    86.588608,
    86.588608,
    86.133713,
    85.884079,
    85.070831,
    84.808098,
    84.808098,
    84.808098,
    84.74411,
    84.74411,
    84.74411,
    84.74411,
    84.74411,
    84.74411,
    84.74411,
    84.74411,
    84.74411,
    84.74411,
    84.74411,
    84.74411,
    84.74411,
    84.74411,
    84.74411,
    84.74411,
    84.74411,
    84.74411,
    84.74411,
    84.74411,
    84.74411,
    84.74411,
    84.74411,
    84.74411,
    84.74411,
    84.74411,
    84.74411,
    84.74411,
    84.74411,
    84.74411,
    84.74411,
    84.74411,
    84.74411,
    84.426918,
    84.221802,
    84.169235,
    82.811638,
    82.811638,
    82.811638,
    82.811638,
    82.811638,
    82.811638,
    82.811638,
    82.418068,
    81.881187,
    81.454323,
    81.454323,
    81.454323,
    81.454323,
    81.454323,
    81.454323,
    81.296898,
    80.516663,
    80.081779,
    79.873535,
    79.744545,
    79.744545,
    79.163879,
    77.94651,
    76.815804,
    76.594193,
    76.297241,
    75.682373,
    75.102585,
    74.880844,
    74.164757,
    73.756714,
    73.265457,
    73.265457,
    73.121307,
    73.121307,
    72.256424,
    71.735657,
    70.114899,
    70.009865,
    68.20797,
    67.105446,
    65.730057,
    65.206635,
    64.770477,
    64.607224,
    64.607224,
    64.583214,
    64.583214,
    64.42347,
    63.715073,
    63.439247,
    63.033924,
    62.884415,
    62.010181,
    60.954418,
    60.358601,
    60.130844,
    60.130844,
    60.130844,
    59.900272,
    59.860912,
    59.434963,
    59.268421,
    58.762341,
    58.555279,
    58.256718,
    58.178074,
    57.929859,
    57.6651,
    57.442497,
    56.782963,
    56.13401,
    55.841705,
    55.679527,
    55.471684,
    55.436211,
    55.000378,
    54.930119,
    54.783245,
    54.218258,
    54.002449,
    53.687019,
    53.498146,
    53.425526,
    53.425526,
    53.325764,
    52.698994,
    52.60527,
    52.400867,
    52.19751,
    52.071751,
    51.992626,
    51.941696,
    51.840019,
    51.562687,
    51.486908,
    50.417072,
    50.197449,
    50.035622,
    49.918674,
    49.822395,
    49.576176,
    49.542034,
    49.435066,
    48.949799,
    48.86158,
    48.49205,
    48.38187,
    48.124371,
    47.783463,
    47.571236,
    47.34029,
    46.935482,
    46.808689,
    46.570358,
    46.356041,
    46.265079,
    46.22406,
    46.099564,
    45.979,
    45.342136,
    45.323326,
    45.02124,
    44.852722,
    44.749458,
    44.651299,
    44.591705,
    44.305271,
    44.101135,
    43.963737,
    43.816254,
    43.741768,
    43.64175,
    43.503254,
    43.446697,
    43.077717,
    42.918736,
    42.852512,
    42.741047,
    42.567509,
    42.450081,
    41.886047,
    41.729393,
    41.652687,
    41.64032,
    41.61858,
    41.501781,
    41.379536,
    41.255009,
    41.218021,
    41.174377,
    41.067394,
    41.010132
  ],
  "n_outer_cycles": 200
}