{
  "timestamp": "2026-05-11T00:07:58.643513",
  "config": {
    "population_size": 30,
    "max_generations": 1000,
    "xo_prob": 0.8,
    "mut_prob": 0.05,
    "elitesize": 2,
    "tournament_size": 2,
    "crossover_type": "uniform",
    "mutation_type": "random",
    "maximization": false,
    "save_image_every_n_gens": 100
  },
  "runtime_seconds": 99.32,
  "final_fitness": 42.713421,
  "fitness_history": [
    79.861954,
    77.108253,
    77.102852,
    75.420769,
    74.172195,
    72.714455,
    72.714455,
    71.163902,
    71.163902,
    71.163902,
    68.150887,
    67.915047,
    67.915047,
    67.915047,
    67.30806,
    67.30806,
    66.266769,
    66.266769,
    66.266769,
    66.265846,
    65.54615,
    65.54615,
    65.207458,
    65.207458,
    64.589767,
    64.589767,
    64.536003,
    64.388474,
    63.432968,
    63.432968,
    62.630684,
    62.630684,
    62.605732,
    61.187675,
    61.187675,
    60.763771,
    60.763771,
    60.22797,
    60.125214,
    60.125214,
    60.024071,
    59.778454,
    59.773769,
    59.60297,
    59.60297,
    59.483643,
    59.418053,
    59.418053,
    59.418053,
    59.418053,
    59.418053,
    59.282303,
    58.543076,
    58.543076,
    58.543076,
    58.543076,
    58.543076,
    58.543076,
    58.543076,
    58.219334,
    58.219334,
    58.187798,
    58.112278,
    57.850277,
    57.794163,
    57.794163,
    57.794163,
    57.721035,
    57.182751,
    56.877651,
    56.877651,
    56.339867,
    55.911362,
    55.751167,
    55.751167,
    55.751167,
    54.917007,
    54.917007,
    54.757294,
    54.645367,
    54.456604,
    54.451099,
    54.377483,
    54.032745,
    54.032745,
    54.032745,
    54.032745,
    54.025562,
    54.025562,
    54.025562,
    54.007294,
    53.813293,
    53.813293,
    53.813293,
    53.700535,
    53.700535,
    53.551346,
    53.551346,
    53.551346,
    53.288837,
    53.195297,
    52.947433,
    52.947433,
    52.925926,
    52.923279,
    52.811611,
    52.743752,
    52.743752,
    52.612865,
    52.612865,
    52.612865,
    52.612865,
    52.591656,
    52.560539,
    52.210705,
    52.210705,
    52.210705,
    52.210705,
    52.210705,
    52.120266,
    52.04879,
    51.72279,
    51.659958,
    51.659958,
    51.546879,
    51.408749,
    51.408749,
    51.338264,
    51.325127,
    51.325127,
    51.325127,
    51.325127,
    51.325127,
    51.32494,
    51.21402,
    51.141876,
    51.141876,
    51.141876,
    51.010712,
    51.010712,
    50.997047,
    50.963013,
    50.788933,
    50.788933,
    50.788933,
    50.696915,
    50.374184,
    50.374184,
    50.374184,
    50.350586,
    50.350586,
    50.350586,
    50.233799,
    50.233799,
    50.233799,
    50.198185,
    50.198185,
    50.034611,
    49.986626,
    49.772003,
    49.772003,
    49.772003,
    49.651131,
    49.651131,
    49.565971,
    49.565971,
    49.475559,
    49.475559,
    49.475559,
    49.475559,
    49.475559,
    49.475559,
    49.475559,
    49.468098,
    49.461884,
    49.434471,
    49.434471,
    49.373844,
    49.373844,
    49.369335,
    49.369335,
    49.369335,
    49.316292,
    49.275127,
    49.275127,
    49.26915,
    49.26915,
    49.26915,
    49.26915,
    49.26915,
    49.26915,
    49.26915,
    49.26915,
    49.206089,
    49.190037,
    49.184135,
    49.184135,
    49.154762,
    48.995136,
    48.995136,
    48.995136,
    48.995136,
    48.995136,
    48.995136,
    48.995136,
    48.995136,
    48.90004,
    48.817238,
    48.817238,
    48.817238,
    48.762711,
    48.711391,
    48.711391,
    48.694435,
    48.648338,
    48.648338,
    48.648338,
    48.598156,
    48.598156,
    48.598156,
    48.598156,
    48.598156,
    48.598156,
    48.495552,
    48.495552,
    48.495552,
    48.495552,
    48.495552,
    48.495552,
    48.495552,
    48.495552,
    48.495552,
    48.410145,
    48.410145,
    48.410145,
    48.410145,
    48.410145,
    48.410145,
    48.410145,
    48.410145,
    48.410145,
    48.410145,
    48.338867,
    48.27206,
    48.266891,
    48.266891,
    48.255745,
    48.255745,
    48.198132,
    48.198132,
    48.192318,
    48.192318,
    48.166691,
    48.039955,
    48.039955,
    47.988434,
    47.985111,
    47.985111,
    47.971252,
    47.971252,
    47.93457,
    47.93457,
    47.898968,
    47.898968,
    47.883537,
    47.883537,
    47.871334,
    47.851112,
    47.851112,
    47.773781,
    47.716579,
    47.716492,
    47.716492,
    47.716492,
    47.649437,
    47.649437,
    47.649437,
    47.649437,
    47.649437,
    47.627529,
    47.470261,
    47.470261,
    47.448143,
    47.360111,
    47.360111,
    47.360111,
    47.360111,
    47.234608,
    47.234608,
    47.234608,
    47.234608,
    47.234608,
    47.234608,
    47.234608,
    47.234608,
    47.234608,
    47.234608,
    47.223392,
    47.223392,
    47.223392,
    47.223392,
    47.205418,
    47.205418,
    47.205418,
    47.205418,
    47.205418,
    47.171734,
    47.171734,
    47.101746,
    47.101746,
    47.101746,
    47.098,
    47.060524,
    47.052128,
    47.052128,
    47.052128,
    47.052128,
    47.044273,
    46.962082,
    46.962082,
    46.93615,
    46.879204,
    46.866093,
    46.866093,
    46.866093,
    46.866093,
    46.841286,
    46.841286,
    46.841286,
    46.839718,
    46.839718,
    46.839718,
    46.837551,
    46.837551,
    46.837551,
    46.802578,
    46.802578,
    46.802578,
    46.802578,
    46.795895,
    46.795895,
    46.792416,
    46.792416,
    46.792416,
    46.773026,
    46.773026,
    46.747169,
    46.747169,
    46.747169,
    46.747169,
    46.747169,
    46.747169,
    46.747169,
    46.747169,
    46.738605,
    46.724304,
    46.623123,
    46.613758,
    46.609962,
    46.609962,
    46.609962,
    46.609962,
    46.606834,
    46.606834,
    46.606834,
    46.606834,
    46.55798,
    46.55798,
    46.55006,
    46.461464,
    46.461464,
    46.461464,
    46.461464,
    46.461464,
    46.461464,
    46.416645,
    46.416645,
    46.233128,
    46.233128,
    46.233128,
    46.233128,
    46.233128,
    46.233128,
    46.227104,
    46.22406,
    46.22406,
    46.22406,
    46.22406,
    46.22406,
    46.22406,
    46.22406,
    46.22406,
    46.22406,
    46.22406,
    46.22406,
    46.22406,
    46.207142,
    46.207142,
    46.207142,
    46.14782,
    46.14782,
    46.145302,
    46.145302,
    46.107563,
    46.107563,
    46.107563,
    46.089455,
    46.089455,
    46.089455,
    46.089455,
    46.089455,
    46.089455,
    46.089455,
    46.089455,
    46.089455,
    46.089455,
    46.089455,
    46.067879,
    46.067879,
    46.067879,
    46.061115,
    46.061115,
    46.019398,
    46.019398,
    46.019398,
    46.019398,
    46.019398,
    46.019398,
    45.982529,
    45.982529,
    45.982529,
    45.982529,
    45.982529,
    45.982529,
    45.981403,
    45.925072,
    45.925072,
    45.903984,
    45.903984,
    45.903984,
    45.903984,
    45.903984,
    45.902496,
    45.892105,
    45.892105,
    45.887451,
    45.884075,
    45.884075,
    45.876675,
    45.857975,
    45.857975,
    45.839451,
    45.839451,
    45.819099,
    45.819099,
    45.693665,
    45.693665,
    45.693665,
    45.693665,
    45.693665,
    45.674873,
    45.674873,
    45.650719,
    45.650719,
    45.650719,
    45.650719,
    45.650719,
    45.650719,
    45.650719,
    45.650719,
    45.650719,
    45.650719,
    45.650719,
    45.650719,
    45.650719,
    45.650719,
    45.650719,
    45.650719,
    45.650719,
    45.650719,
    45.650719,
    45.650719,
    45.650719,
    45.650536,
    45.650536,
    45.641182,
    45.641182,
    45.632072,
    45.632072,
    45.603611,
    45.603611,
    45.603611,
    45.555252,
    45.555252,
    45.555252,
    45.555252,
    45.555252,
    45.555252,
    45.551052,
    45.551052,
    45.546955,
    45.495152,
    45.495152,
    45.492527,
    45.492527,
    45.492527,
    45.492527,
    45.492527,
