{
  "timestamp": "2026-05-11T19:47:45.880470",
  "config": {
    "population_size": 30,
    "max_generations": 1000,
    "xo_prob": 0.8,
    "mut_prob": 0.05,
    "elitesize": 0,
    "tournament_size": 3,
    "crossover_type": "uniform",
    "mutation_type": "random",
    "maximization": false,
    "save_image_every_n_gens": 100
  },
  "runtime_seconds": 110.58,
  "final_fitness": 39.895493,
  "fitness_history": [
    73.970207,
    73.881859,
    70.049675,
    71.273415,
    68.974785,
    68.331619,
    67.89772,
    67.279678,
    66.836433,
    66.034233,
    65.935928,
    64.751129,
    64.751129,
    64.7229,
    63.895763,
    63.815254,
    63.37888,
    63.195843,
    62.728699,
    61.725716,
    61.723389,
    61.128658,
    61.075836,
    60.30687,
    60.654205,
    60.725048,
    60.725399,
    60.326736,
    60.467827,
    59.803471,
    59.801167,
    59.436176,
    59.293827,
    59.261703,
    59.323521,
    59.11866,
    58.71698,
    58.579098,
    58.708061,
    58.585709,
    58.550587,
    58.202091,
    57.99564,
    58.104385,
    57.981411,
    57.979622,
    57.797165,
    57.654255,
    57.149475,
    56.833443,
    56.833443,
    56.328526,
    56.320179,
    56.244667,
    55.881317,
    55.791573,
    55.7603,
    55.715218,
    54.977787,
    55.340816,
    54.951614,
    55.075584,
    55.099403,
    54.746048,
    54.669743,
    54.781147,
    54.912659,
    54.852451,
    54.791496,
    54.679783,
    54.372593,
    54.45364,
    54.468575,
    54.309994,
    54.406685,
    54.323689,
    54.191719,
    53.960686,
    53.9338,
    54.09951,
    54.104374,
    54.009647,
    54.187759,
    54.014065,
    53.938522,
    53.790905,
    53.875896,
    53.753555,
    53.734768,
    53.682446,
    53.466255,
    53.410957,
    53.616684,
    53.538097,
    53.348145,
    53.480923,
    53.501831,
    53.574326,
    53.370819,
    53.373756,
    53.234264,
    53.18721,
    53.201828,
    53.07135,
    53.066891,
    53.038391,
    53.038658,
    53.075146,
    52.977867,
    53.032791,
    52.982471,
    52.957962,
    52.967293,
    52.821739,
    52.914513,
    53.065243,
    53.00481,
    52.823692,
    52.896446,
    52.816925,
    52.553394,
    52.476471,
    52.474529,
    52.466995,
    52.438637,
    52.432518,
    52.055317,
    52.037365,
    51.991676,
    51.988518,
    51.981747,
    51.976864,
    51.921803,
    51.985886,
    52.007099,
    51.909351,
    52.010902,
    51.920395,
    51.895943,
    51.836796,
    51.658295,
    51.677338,
    51.620586,
    51.562061,
    51.496147,
    51.4739,
    51.371284,
    51.33123,
    51.305931,
    51.171844,
    51.243431,
    51.181591,
    51.178875,
    51.242214,
    51.010605,
    51.067032,
    51.079266,
    51.102089,
    51.152828,
    51.002708,
    51.036873,
    51.030537,
    50.965553,
    50.93499,
    50.90575,
    50.899117,
    50.906189,
    50.814686,
    50.814842,
    50.614594,
    50.66206,
    50.692867,
    50.763565,
    50.284172,
    50.308918,
    50.389519,
    50.460083,
    50.302898,
    50.247597,
    50.365063,
    50.2379,
    50.114471,
    49.819244,
    49.773273,
    49.889271,
    49.823246,
    49.822033,
    49.626305,
    49.538151,
    49.537785,
    49.436134,
    49.619999,
    49.462517,
    49.290104,
    49.184734,
    49.207512,
    49.220116,
    49.212921,
    49.038994,
    49.006989,
    48.999352,
    48.974377,
    48.968422,
    48.649353,
    48.617653,
    48.548225,
    48.623016,
    48.550625,
    48.693089,
    48.548611,
    48.605286,
    48.464127,
    48.450638,
    48.501038,
    48.514202,
    48.408291,
    48.367661,
    48.367661,
    48.298653,
    48.129963,
    48.048134,
    47.945896,
    47.919308,
    47.78735,
    47.661907,
    47.7453,
    47.685814,
    47.540745,
    47.742142,
    47.71347,
    47.730965,
    47.717495,
    47.696629,
    47.696629,
    47.530228,
    47.611206,
    47.560753,
    47.400288,
    47.413597,
    47.11974,
    47.097309,
    46.71347,
    46.653145,
    46.66399,
    46.777866,
    46.777866,
    46.632572,
    46.633743,
    46.637959,
    46.590099,
    46.580063,
    46.529064,
    46.504074,
    46.467968,
    46.298725,
    46.354668,
    46.344013,
    46.236927,
    46.224716,
    46.213173,
    46.180836,
    46.07196,
    46.067932,
    46.100414,
    46.044846,
    46.044846,
    45.939571,
    46.018967,
    46.041721,
    46.008312,
    45.961601,
    46.0284,
    46.0284,
    46.004868,
    45.998375,
    45.98526,
    46.010406,
    45.895935,
    45.954914,
    45.757607,
    45.749722,
    45.671402,
    45.839828,
    45.822834,
    45.758854,
    45.891235,
    45.789009,
    45.699371,
    45.699352,
    45.699371,
    45.729271,
    45.620384,
    45.703106,
    45.524166,
    45.525185,
    45.507732,
    45.488617,
    45.372997,
    45.393623,
    45.411541,
    45.408936,
    45.397434,
    45.381161,
    45.31966,
    45.31966,
    45.31929,
    45.287018,
    45.304527,
    45.142307,
    45.153862,
    45.154362,
    45.157871,
    45.108742,
    45.200569,
    45.132912,
    45.114635,
    45.049377,
    45.01231,
    44.991379,
    44.907578,
    44.940472,
    44.860447,
    44.860447,
    44.854401,
    44.833408,
    44.688766,
    44.688766,
    44.718208,
    44.648014,
    44.657383,
    44.718208,
    44.681763,
    44.639515,
    44.662197,
    44.622684,
    44.641678,
    44.612347,
    44.556232,
    44.534733,
    44.5849,
    44.634693,
    44.481735,
    44.481735,
    44.540257,
    44.471287,
    44.560444,
    44.41573,
    44.43961,
    44.445534,
    44.457596,
    44.378677,
    44.40078,
    44.208992,
    44.359989,
    44.347179,
    44.356358,
    44.243095,
    44.032845,
    44.247765,
    44.218399,
    44.404575,
    44.364929,
    44.380173,
    44.380627,
    44.368835,
    44.302677,
    44.366638,
    44.310757,
    44.310757,
    44.310356,
    44.309364,
    44.361881,
    44.307873,
    44.21167,
    44.341362,
    44.34684,
    44.254498,
    44.374828,
    44.315746,
    44.26379,
    44.280216,
    44.259571,
    44.202663,
    44.14875,
    44.159103,
    44.156151,
    44.116734,
    44.091919,
    44.00005,
    44.049374,
    44.048981,
    44.038376,
    44.046185,
    44.052269,
    44.0289,
    43.956718,
    43.981499,
    43.956093,
    43.913818,
    43.947254,
    43.98914,
    44.023491,
    44.001244,
    43.978642,
    43.797729,
    43.880527,
    43.812008,
    43.74881,
    43.677113,
    43.679161,
    43.722755,
    43.594757,
    43.632866,
    43.630589,
    43.630589,
    43.599049,
    43.599049,
    43.599049,
    43.605114,
    43.526539,
    43.452911,
    43.645515,
    43.55542,
    43.554008,
    43.639027,
    43.517612,
    43.568058,
    43.47781,
    43.482082,
    43.595261,
    43.487499,
    43.503445,
    43.544525,
    43.561073,
    43.558346,
    43.534882,
    43.499901,
    43.463917,
    43.547161,
    43.520195,
    43.558186,
    43.521248,
    43.512367,
    43.497028,
    43.55579,
    43.518749,
    43.522518,
    43.473377,
    43.524303,
    43.51593,
    43.47226,
    43.460316,
    43.462746,
    43.443684,
    43.47644,
    43.46933,
    43.460934,
    43.467224,
    43.494637,
    43.530254,
    43.466496,
    43.482616,
    43.483013,
    43.465858,
    43.347122,
    43.444481,
    43.41061,
    43.287621,
    43.40345,
    43.322887,
    43.29398,
    43.263302,
    43.265198,
    43.267258,
    43.190155,
    43.080185,
    43.079346,
    43.073326,
    43.011913,
    43.011913,
    43.00938,
    43.044338,
    43.001068,
    43.078461,
    43.099274,
    43.039619,
    42.988087,
    43.105408,
    43.15596,
    43.141197,
    43.062553,
    43.053719,
    43.006474,
    43.093842,
    43.089233,
    43.078861,
    42.959671,
    42.989265,
    42.982029,
    42.992081,
    42.965637,
    42.961842,
    42.916515,
    42.940018,
    42.998791,
    42.958954,
    42.939846,
    42.948448,
    42.942192,
    42.934666,
