{
  "timestamp": "2026-05-11T22:15:39.180158",
  "config": {
    "population_size": 40,
    "max_generations": 1000,
    "xo_prob": 0.8557,
    "mut_prob": 0.0518,
    "elitesize": 0,
    "tournament_size": 5,
    "crossover_type": "uniform",
    "mutation_type": "random",
    "maximization": false,
    "save_image_every_n_gens": 100
  },
  "runtime_seconds": 151.47,
  "final_fitness": 36.91507,
  "fitness_history": [
    72.270409,
    69.987053,
    68.23938,
    62.713619,
    62.708485,
    62.708965,
    61.708988,
    61.275269,
    60.393642,
    60.368896,
    59.019169,
    58.795307,
    58.464478,
    58.483028,
    58.418781,
    58.151924,
    57.601761,
    57.281158,
    57.194145,
    56.694248,
    56.674755,
    56.606136,
    56.371811,
    56.226025,
    56.228432,
    56.137352,
    55.983727,
    55.826752,
    55.137199,
    55.138535,
    55.219692,
    54.927242,
    54.744556,
    54.672184,
    54.489056,
    54.466885,
    54.370113,
    53.918514,
    53.981857,
    53.924133,
    53.783169,
    53.587379,
    53.326385,
    52.931427,
    52.556099,
    52.536907,
    52.293373,
    51.597336,
    51.610909,
    50.911861,
    50.808746,
    50.736229,
    50.649349,
    50.603535,
    50.338913,
    50.069935,
    50.009491,
    49.984291,
    49.942581,
    49.838295,
    49.857437,
    49.702431,
    49.429684,
    49.277489,
    49.075851,
    48.931263,
    48.755684,
    48.7085,
    48.695007,
    48.656937,
    48.639801,
    48.641876,
    48.526913,
    48.499397,
    48.478645,
    48.449009,
    48.426601,
    48.321346,
    48.173447,
    48.130814,
    47.93758,
    47.833981,
    47.904099,
    47.901058,
    47.857021,
    47.827465,
    47.685627,
    47.688217,
    47.562008,
    47.169231,
    47.144779,
    47.125309,
    46.940243,
    46.743111,
    46.743111,
    46.73893,
    46.444359,
    46.54356,
    46.446262,
    46.475304,
    46.449341,
    46.362919,
    46.343781,
    46.295616,
    46.296925,
    46.194763,
    46.195744,
    46.144135,
    46.082577,
    46.036289,
    45.877182,
    45.73074,
    45.618507,
    45.562595,
    45.420734,
    45.374977,
    45.352077,
    45.261986,
    45.226059,
    45.197651,
    45.13419,
    45.019253,
    44.944931,
    44.966999,
    44.603703,
    44.58551,
    44.516331,
    44.531761,
    44.595058,
    44.415119,
    44.406448,
    44.351604,
    44.334976,
    44.188404,
    44.176849,
    44.210674,
    44.19429,
    44.107967,
    44.024326,
    43.97377,
    44.002445,
    44.018349,
    44.018349,
    43.992538,
    43.937489,
    43.913261,
    43.861084,
    43.861084,
    43.83342,
    43.839581,
    43.857941,
    43.811268,
    43.822411,
    43.755306,
    43.723598,
    43.714703,
    43.621349,
    43.573433,
    43.521072,
    43.507935,
    43.507935,
    43.474216,
    43.358814,
    43.308441,
    43.29097,
    43.223423,
    43.20507,
    43.191101,
    43.120018,
    43.122871,
    43.107388,
    43.064247,
    43.034439,
    43.037357,
    42.967983,
    42.941376,
    42.935101,
    42.932705,
    42.939034,
    42.921997,
    42.921997,
    42.87233,
    42.785961,
    42.810764,
    42.782074,
    42.670494,
    42.583858,
    42.577194,
    42.587872,
    42.573429,
    42.58345,
    42.542583,
    42.501019,
    42.425522,
    42.435398,
    42.385693,
    42.307579,
    42.321159,
    42.316631,
    42.319126,
    42.332062,
    42.015812,
    42.31282,
    42.209751,
    41.995441,
    41.988503,
    41.99017,
    42.000011,
    41.953491,
    41.906086,
    41.9151,
    41.865807,
    41.883984,
    41.835613,
    41.856731,
    41.906994,
    41.843616,
    41.839401,
    41.828987,
    41.805668,
    41.786137,
    41.80809,
    41.816105,
    41.7645,
    41.79324,
    41.796715,
    41.786961,
    41.784187,
    41.779423,
    41.51992,
    41.483635,
    41.502327,
    41.524433,
    41.447304,
    41.437538,
    41.403492,
    41.357025,
    41.409855,
    41.401989,
    41.37104,
    41.362221,
    41.354656,
    41.342789,
    41.346016,
    41.331676,
    41.30933,
    41.308319,
    41.193359,
    41.299732,
    41.196838,
    41.21664,
    41.199482,
    41.2211,
    41.19091,
    41.189228,
    41.174099,
    41.182575,
    41.180271,
    41.153294,
    41.128044,
    41.137856,
    41.141884,
    41.158421,
    41.149479,
    41.114506,
    41.114506,
    41.107979,
    41.097347,
    41.090275,
    41.084785,
    41.066853,
    41.049049,
    41.015095,
    41.015278,
    41.015259,
    41.015755,
    40.998562,
    40.990677,
    40.968628,
    40.962181,
    40.971378,
    40.929527,
    40.928318,
    40.934917,
    40.934071,
    40.92688,
    40.897278,
    40.897419,
    40.87801,
    40.87801,
    40.881165,
    40.892227,
    40.737923,
    40.646332,
    40.650703,
    40.626381,
    40.626381,
    40.647663,
    40.638401,
    40.636257,
    40.607864,
    40.623196,
    40.623196,
    40.58102,
    40.578812,
    40.590706,
    40.548939,
    40.539318,
    40.495716,
    40.466064,
    40.474167,
    40.448181,
    40.418648,
    40.378345,
    40.368031,
    40.368031,
    40.335396,
    40.344101,
    40.323181,
    40.313076,
    40.303883,
    40.302792,
    40.202312,
    40.20776,
    40.150799,
    40.105236,
    40.100163,
    40.101372,
    40.09341,
    40.078842,
    40.087006,
    40.048996,
    40.086372,
    40.073311,
    40.058071,
    40.054405,
    39.995476,
    40.042526,
    40.056141,
    40.033741,
    40.042736,
    40.03038,
    39.999763,
    39.988312,
    40.014805,
    40.004097,
    40.004543,
    40.03614,
    40.03614,
    39.990448,
    39.86747,
    39.923309,
    39.901787,
    39.865143,
    39.860806,
    39.85157,
    39.85947,
    39.851429,
    39.851089,
    39.79575,
    39.801117,
    39.745461,
    39.737232,
    39.734104,
    39.721413,
    39.736725,
    39.724079,
    39.70013,
    39.696236,
    39.690319,
    39.686096,
    39.658321,
    39.659061,
    39.647537,
    39.652782,
    39.654438,
    39.6082,
    39.604023,
    39.582619,
    39.582619,
    39.57695,
    39.548523,
    39.54575,
    39.542248,
    39.538605,
    39.532059,
    39.480011,
    39.494083,
    39.443539,
    39.438972,
    39.454803,
    39.437519,
    39.410507,
    39.403446,
    39.329544,
    39.414516,
    39.344872,
    39.300827,
    39.300388,
    39.27681,
    39.274715,
    39.225056,
    39.225208,
    39.223652,
    39.222458,
    39.210648,
    39.20636,
    39.208027,
    39.22905,
    39.227188,
    39.21928,
    39.214764,
    39.22863,
    39.116695,
    39.126968,
    39.168556,
    39.156822,
    39.094952,
    39.103344,
    39.159203,
    39.11475,
    39.11544,
    39.08691,
    39.083233,
    39.05653,
    39.045956,
    38.95911,
    38.998596,
    38.998596,
    38.942806,
    38.928619,
    38.912937,
    38.930138,
    38.90258,
    38.892513,
    38.898735,
    38.794624,
    38.818405,
    38.82082,
    38.829075,
    38.819572,
    38.789394,
    38.789482,
    38.812645,
    38.787762,
    38.776386,
    38.770035,
    38.765476,
    38.787525,
    38.807541,
    38.79591,
    38.818382,
    38.780357,
    38.816376,
    38.791752,
    38.726883,
    38.710747,
    38.700783,
    38.69429,
    38.694336,
    38.649136,
    38.618805,
    38.599255,
    38.551914,
    38.532951,
    38.555923,
    38.555882,
    38.571075,
    38.532761,
    38.525875,
    38.508446,
    38.525024,
    38.510815,
    38.492805,
    38.516365,
    38.515282,
    38.483463,
    38.481052,
    38.485458,
    38.494415,
    38.440418,
    38.434181,
    38.429474,
    38.415688,
    38.412067,
    38.423397,
    38.470924,
    38.395142,
    38.427654,
    38.438801,
    38.435608,
    38.402245,
    38.396076,
    38.384571,
    38.366146,
    38.363674,
    38.396645,
    38.383026,
    38.389442,
    38.389442,
    38.385921,
    38.378994,
    38.323696,
    38.33836,
    38.319973,
    38.324928,
    38.321331,
    38.32885,
    38.306477,
