{
  "timestamp": "2026-05-11T00:13:00.584139",
  "config": {
    "population_size": 30,
    "max_generations": 1000,
    "xo_prob": 0.8,
    "mut_prob": 0.05,
    "elitesize": 2,
    "tournament_size": 5,
    "crossover_type": "uniform",
    "mutation_type": "random",
    "maximization": false,
    "save_image_every_n_gens": 100
  },
  "runtime_seconds": 102.24,
  "final_fitness": 39.040958,
  "fitness_history": [
    73.089378,
    73.005928,
    70.9608,
    70.482758,
    69.173218,
    68.970299,
    66.972298,
    66.25869,
    66.104164,
    65.465263,
    65.072243,
    64.507652,
    64.034668,
    64.003471,
    63.60355,
    63.494587,
    63.413349,
    63.010948,
    62.790741,
    62.295532,
    61.462418,
    61.259365,
    61.03297,
    60.975861,
    60.84354,
    60.439457,
    60.333801,
    60.101673,
    60.024868,
    59.75206,
    59.576939,
    59.315945,
    59.056011,
    58.836536,
    58.789669,
    58.354736,
    58.208313,
    58.128876,
    58.007198,
    57.538837,
    57.372627,
    57.150852,
    57.063549,
    56.965294,
    56.713894,
    56.713894,
    56.713894,
    56.520611,
    56.327286,
    56.234074,
    55.975784,
    55.959091,
    55.831238,
    55.758312,
    55.416672,
    55.110279,
    55.068405,
    54.610966,
    54.568295,
    54.415131,
    53.705299,
    53.705299,
    53.220314,
    53.220314,
    53.040966,
    52.795979,
    52.684708,
    52.634266,
    52.634266,
    52.634266,
    52.420937,
    52.420937,
    52.357944,
    52.357944,
    52.357944,
    52.357944,
    52.295235,
    52.225266,
    52.176224,
    52.157925,
    52.098587,
    51.982498,
    51.976139,
    51.70977,
    51.70977,
    51.682987,
    51.682987,
    51.602104,
    51.602104,
    51.508183,
    51.465248,
    51.433769,
    51.409119,
    51.322784,
    51.322784,
    51.237175,
    51.22765,
    51.122375,
    51.032631,
    51.012142,
    51.012142,
    50.973862,
    50.913845,
    50.840412,
    50.840412,
    50.762917,
    50.712837,
    50.618126,
    50.435066,
    50.435066,
    50.435066,
    50.348541,
    50.348541,
    50.347927,
    50.260029,
    50.254124,
    50.254124,
    50.183197,
    50.183117,
    50.153908,
    50.143215,
    50.093044,
    50.092911,
    50.092911,
    50.075287,
    50.075287,
    50.073944,
    49.902878,
    49.902878,
    49.877708,
    49.812866,
    49.812866,
    49.704659,
    49.668209,
    49.633366,
    49.567745,
    49.547897,
    49.547897,
    49.475498,
    49.475498,
    49.471565,
    49.46714,
    49.303078,
    49.235195,
    49.184052,
    49.180408,
    49.114479,
    49.114479,
    48.996017,
    48.996017,
    48.996017,
    48.79554,
    48.751293,
    48.722012,
    48.543056,
    48.507809,
    48.405754,
    48.405754,
    48.345711,
    48.266132,
    48.266132,
    48.266132,
    48.212891,
    47.962906,
    47.962906,
    47.954472,
    47.954472,
    47.936401,
    47.819344,
    47.803856,
    47.801655,
    47.800491,
    47.771473,
    47.751648,
    47.737507,
    47.737507,
    47.688187,
    47.688187,
    47.683273,
    47.669518,
    47.642715,
    47.627831,
    47.60474,
    47.569561,
    47.566441,
    47.529907,
    47.506958,
    47.506958,
    47.489769,
    47.489769,
    47.489769,
    47.478458,
    47.463932,
    47.463932,
    47.399029,
    47.379356,
    47.251667,
    47.248367,
    47.225185,
    47.201138,
    47.120934,
    47.107716,
    47.105583,
    47.092762,
    47.090771,
    47.064186,
    47.022305,
    47.022305,
    47.020535,
    46.984035,
    46.894783,
    46.869331,
    46.869331,
    46.861809,
    46.854252,
    46.853523,
    46.803886,
    46.803886,
    46.775364,
    46.739929,
    46.717899,
    46.717899,
    46.707169,
    46.647614,
    46.647614,
    46.647614,
    46.647614,
    46.647614,
    46.647614,
    46.605228,
    46.605228,
    46.605228,
    46.605228,
    46.594753,
    46.594753,
    46.594753,
    46.560993,
    46.535168,
    46.535168,
    46.533951,
    46.500378,
    46.448318,
    46.448318,
    46.448318,
    46.44371,
    46.44371,
    46.379196,
    46.379196,
    46.379196,
    46.379196,
    46.379196,
    46.369534,
    46.369534,
    46.356071,
    46.335598,
    46.335598,
    46.329334,
    46.329334,
    46.12793,
    46.111244,
    46.053978,
    46.051826,
    45.993965,
    45.968185,
    45.901207,
    45.893494,
    45.848885,
    45.817505,
    45.817505,
    45.817505,
    45.80394,
    45.772854,
    45.725418,
    45.725418,
    45.725418,
    45.716705,
    45.716705,
    45.652111,
    45.62608,
    45.625668,
    45.55151,
    45.531551,
    45.503372,
    45.503372,
    45.486713,
    45.435638,
    45.416573,
    45.389286,
    45.389286,
    45.346985,
    45.322147,
    45.292656,
    45.270882,
    45.237774,
    45.237774,
    45.22028,
    45.22028,
    45.219425,
    45.035355,
    45.035355,
    45.035355,
    45.030491,
    45.000736,
    45.000736,
    44.972267,
    44.972267,
    44.923508,
    44.923508,
    44.923508,
    44.923508,
    44.917709,
    44.917709,
    44.901733,
    44.853451,
    44.839867,
    44.810677,
    44.767063,
    44.767063,
    44.767063,
    44.733944,
    44.701332,
    44.697964,
    44.691795,
    44.691795,
    44.662571,
    44.648094,
    44.648094,
    44.648094,
    44.648094,
    44.643585,
    44.643585,
    44.608162,
    44.605873,
    44.605873,
    44.605873,
    44.605873,
    44.601006,
    44.601006,
    44.598778,
    44.574677,
    44.544704,
    44.544704,
    44.544704,
    44.531868,
    44.531868,
    44.531868,
    44.513008,
    44.473797,
    44.44175,
    44.44175,
    44.44175,
    44.348392,
    44.31488,
    44.314327,
    44.314327,
    44.314327,
    44.305904,
    44.285397,
    44.258301,
    44.258301,
    44.258301,
    44.241146,
    44.20937,
    44.112263,
    44.112263,
    44.112186,
    44.095276,
    44.076378,
    44.076378,
    44.066441,
    44.063244,
    44.063244,
    44.054684,
    44.054684,
    44.054684,
    44.048264,
    44.028252,
    44.028252,
    44.02375,
    43.974705,
    43.966591,
    43.966591,
    43.966591,
    43.966591,
    43.960442,
    43.955753,
    43.943665,
    43.577511,
    43.577511,
    43.576752,
    43.576752,
    43.573025,
    43.55072,
    43.533424,
    43.5312,
    43.5312,
    43.5312,
    43.527184,
    43.527073,
    43.521194,
    43.520565,
    43.520565,
    43.520565,
    43.482834,
    43.482834,
    43.482834,
    43.475559,
    43.471554,
    43.463787,
    43.463787,
    43.397331,
    43.397331,
    43.397331,
    43.397331,
    43.397331,
    43.397331,
    43.279625,
    43.279625,
    43.203106,
    43.203106,
    43.203106,
    43.203106,
    43.196579,
    43.169678,
    43.167591,
    43.167591,
    43.167591,
    43.167591,
    43.122982,
    43.122982,
    43.122982,
    43.121517,
    43.113232,
    43.06181,
    42.826012,
    42.816753,
    42.639381,
    42.639381,
    42.639381,
    42.639381,
    42.639381,
    42.63868,
    42.634151,
    42.626976,
    42.624336,
    42.615887,
    42.615887,
    42.604828,
    42.593533,
    42.587681,
    42.570709,
    42.558231,
    42.549595,
    42.508728,
    42.508728,
    42.508728,
    42.508728,
    42.508728,
    42.499424,
    42.424831,
    42.424831,
    42.424831,
    42.424831,
    42.404968,
    42.404968,
    42.401752,
    42.400833,
    42.379025,
    42.379025,
    42.379025,
    42.379025,
    42.379025,
    42.375568,
    42.369282,
    42.352398,
    42.352398,
    42.334866,
    42.331993,
    42.28912,
    42.272434,
    42.272434,
    42.272434,
    42.272186,
    42.271523,
    42.261921,
    42.247711,
    42.197727,
    42.189842,
    42.144131,
    42.144131,
    42.139526,
    42.064621,
    42.050491,
    42.050491,
    42.041164,
    41.993607,
    41.974243,
    41.971241,
    41.970146,
    41.956989,
    41.863911,
    41.863911,
    41.84877,
    41.84877,
    41.824215,
    41.824215,
    41.810005,
    41.800674,
